Change Id,Date & Time,System,Originator,Responsible,CR Reference,I2 Reference,Topic,Status,Baseline System,Baseline Subsystem,Baseline Number,Item System,Item Subsystem,Path,File Name
SC_058690,2011-05-30T11:43:51,ESC,ABC,undef,undef,I2_082162,undef,CLOSED,ENV,ENV_CONFIG,15.5.126,ESC,BUSINESS,sources/BOther/source,DctLimitValidator.cpp
SC_058690,2011-05-30T11:43:51,ESC,ABC,undef,undef,I2_082162,undef,CLOSED,ENV,ENV_CONFIG,15.5.128,ESC,BUSINESS,sources/BOther/source,DctLimitValidator.cpp
SC_061035,2011-12-19T14:21:41,ESC,ABC,undef,undef,I2_084059,undef,CLOSED,ENV,ENV_CONFIG,16.0.107.3,ESC,BUSINESS,sources/BOther/source,RuleRSCrossBorderDctSegment.cpp
SC_062086,2012-02-23T14:27:39,ESC,ABC,undef,CR_031655,undef,undef,CLOSED,ENV,ENV_CONFIG,16.5.36,ESC,BUSINESS,sources/BOther/source,HSPTTrafficFlowValidator.cpp
SC_062086,2012-02-23T14:27:39,ESC,ABC,undef,CR_031655,undef,undef,CLOSED,ENV,ENV_CONFIG,16.5.36,ESC,BUSINESS,sources/BMandatoryValidation/source,VMErrorRestriction.h
SC_062086,2012-02-23T14:27:39,ESC,ABC,undef,CR_031655,undef,undef,CLOSED,ENV,ENV_CONFIG,16.5.36,ESC,BUSINESS,sources/BMandatoryValidation/source,VMErrorRestriction.cpp
SC_062086,2012-02-23T14:27:39,ESC,ABC,undef,CR_031655,undef,undef,CLOSED,ENV,ENV_CONFIG,16.5.36,ESC,BUSINESS,sources/BOther/source,HSPTTrafficFlowValidator.h
SC_058972,2011-06-28T10:14:38,ESC,ABC,undef,undef,I2_082231,undef,CLOSED,ENV,ENV_CONFIG,15.5.148,ESC,BUSINESS,sources/BObject/source,FlowRestriction.cpp
SC_058025,2011-04-13T14:13:41,ESC,ABC,undef,undef,I2_081810,undef,CLOSED,ENV,ENV_CONFIG,15.5.82,ESC,BUSINESS,sources/BOther/source,RuleRSDctOverlapNasOrIr.cpp
SC_058273,2011-05-04T14:25:42,ESC,ABC,undef,undef,I2_081991,undef,CLOSED,ENV,ENV_CONFIG,15.5.105,ESC,BUSINESS,sources/BOther/source,DctLimitValidator.cpp
SC_058273,2011-05-04T14:25:42,ESC,ABC,undef,undef,I2_081991,undef,CLOSED,ENV,ENV_CONFIG,15.5.105,ESC,BUSINESS,sources/BObject/source,FlowRestriction.cpp
SC_060497,2011-11-09T09:39:39,ESC,ABC,undef,undef,I2_083588,undef,CLOSED,ENV,ENV_CONFIG,16.0.81,ESC,BUSINESS,sources/BObject/source,FlowRestriction.cpp
SC_060497,2011-11-09T09:39:39,ESC,ABC,undef,undef,I2_083588,undef,CLOSED,ENV,ENV_CONFIG,15.5.154.45,ESC,BUSINESS,sources/BObject/source,FlowRestriction.cpp
SC_061522,2012-01-24T13:08:26,ESC,ABC,undef,undef,I2_084410,undef,CLOSED,ENV,ENV_CONFIG,16.0.108.1,ESC,BUSINESS,sources/BManager/source,VersionedObjectManager.h
SC_061522,2012-01-24T13:08:26,ESC,ABC,undef,undef,I2_084410,undef,CLOSED,ENV,ENV_CONFIG,16.0.107.23,ESC,BUSINESS,sources/BManager/source,EnRouteManagerImpl.cpp
SC_061522,2012-01-24T13:08:26,ESC,ABC,undef,undef,I2_084410,undef,CLOSED,ENV,ENV_CONFIG,16.5.57,ESC,KERNEL,sources/States/source,ordvec.h
SC_061522,2012-01-24T13:08:26,ESC,ABC,undef,undef,I2_084410,undef,CLOSED,ENV,ENV_CONFIG,16.5.18,ESC,KERNEL,sources/States/source,ordvec.h
SC_061522,2012-01-24T13:08:26,ESC,ABC,undef,undef,I2_084410,undef,CLOSED,ENV,ENV_CONFIG,16.5.18,ESC,BUSINESS,sources/BManager/source,TerminalProcedureManagerImpl.cpp
SC_061522,2012-01-24T13:08:26,ESC,ABC,undef,undef,I2_084410,undef,CLOSED,ENV,ENV_CONFIG,16.5.57,ESC,BUSINESS,sources/BManager/source,VersionedObjectManager.h
SC_061522,2012-01-24T13:08:26,ESC,ABC,undef,undef,I2_084410,undef,CLOSED,ENV,ENV_CONFIG,16.0.108.1,ESC,KERNEL,sources/States/source,ordvec.h
SC_061522,2012-01-24T13:08:26,ESC,ABC,undef,undef,I2_084410,undef,CLOSED,ENV,ENV_CONFIG,16.5.57,ESC,BUSINESS,sources/BManager/source,VersionedObjectManager.cpp
SC_061522,2012-01-24T13:08:26,ESC,ABC,undef,undef,I2_084410,undef,CLOSED,ENV,ENV_CONFIG,16.0.108.1,ESC,BUSINESS,sources/BManager/source,TerminalProcedureManagerImpl.cpp
SC_061522,2012-01-24T13:08:26,ESC,ABC,undef,undef,I2_084410,undef,CLOSED,ENV,ENV_CONFIG,16.5.57,ESC,BUSINESS,sources/BManager/source,EnRouteManagerImpl.cpp
SC_061522,2012-01-24T13:08:26,ESC,ABC,undef,undef,I2_084410,undef,CLOSED,ENV,ENV_CONFIG,16.0.108.1,ESC,BUSINESS,sources/BManager/source,VersionedObjectManager.cpp
SC_061522,2012-01-24T13:08:26,ESC,ABC,undef,undef,I2_084410,undef,CLOSED,ENV,ENV_CONFIG,16.5.18,ESC,BUSINESS,sources/BManager/source,EnRouteManagerImpl.cpp
SC_061522,2012-01-24T13:08:26,ESC,ABC,undef,undef,I2_084410,undef,CLOSED,ENV,ENV_CONFIG,16.5.18,ESC,BUSINESS,sources/BManager/source,VersionedObjectManager.cpp
SC_061522,2012-01-24T13:08:26,ESC,ABC,undef,undef,I2_084410,undef,CLOSED,ENV,ENV_CONFIG,16.5.57,ESC,BUSINESS,sources/BManager/source,TerminalProcedureManagerImpl.cpp
SC_061522,2012-01-24T13:08:26,ESC,ABC,undef,undef,I2_084410,undef,CLOSED,ENV,ENV_CONFIG,16.5.18,ESC,BUSINESS,sources/BManager/source,VersionedObjectManager.h
SC_061522,2012-01-24T13:08:26,ESC,ABC,undef,undef,I2_084410,undef,CLOSED,ENV,ENV_CONFIG,16.0.107.23,ESC,BUSINESS,sources/BManager/source,TerminalProcedureManagerImpl.cpp
SC_061522,2012-01-24T13:08:26,ESC,ABC,undef,undef,I2_084410,undef,CLOSED,ENV,ENV_CONFIG,16.0.108.1,ESC,BUSINESS,sources/BManager/source,EnRouteManagerImpl.cpp
SC_061522,2012-01-24T13:08:26,ESC,ABC,undef,undef,I2_084410,undef,CLOSED,ENV,ENV_CONFIG,16.0.107.23,ESC,KERNEL,sources/States/source,ordvec.h
SC_061522,2012-01-24T13:08:26,ESC,ABC,undef,undef,I2_084410,undef,CLOSED,ENV,ENV_CONFIG,16.0.107.23,ESC,BUSINESS,sources/BManager/source,VersionedObjectManager.cpp
SC_061522,2012-01-24T13:08:26,ESC,ABC,undef,undef,I2_084410,undef,CLOSED,ENV,ENV_CONFIG,16.0.107.23,ESC,BUSINESS,sources/BManager/source,VersionedObjectManager.h
SC_057682,2011-03-23T11:17:11,ESC,ABC,undef,undef,I2_081487,undef,CLOSED,ENV,ENV_CONFIG,15.0.96.41,ESC,BUSINESS,sources/BManager/source,FlowRestrictionManagerImpl.cpp
SC_057682,2011-03-23T11:17:11,ESC,ABC,undef,undef,I2_081487,undef,CLOSED,ENV,ENV_CONFIG,15.5.64,ESC,BUSINESS,sources/BManager/source,FlowRestrictionManagerImpl.cpp
SC_057023,2011-02-08T12:44:16,ENV,ABC,undef,CR_029967,undef,undef,CLOSED,ENV,CUA_IDL,15.5.12,ENV,CUA_IDL,sources/idl,EnvCommonTypes_RS.doc
SC_057023,2011-02-08T12:44:16,ENV,ABC,undef,CR_029967,undef,undef,CLOSED,ENV,ENV_CONFIG,15.5.27,ENV,CUA_IDL,sources/idl,EscCommon.idl
SC_057023,2011-02-08T12:44:16,ENV,ABC,undef,CR_029967,undef,undef,CLOSED,ENV,CUA_IDL,15.5.12,ENV,CUA_IDL,sources/idl,SupportTypes.idl
SC_057023,2011-02-08T12:44:16,ENV,ABC,undef,CR_029967,undef,undef,CLOSED,ENV,CUA_IDL,15.5.12,ENV,CUA_IDL,sources/idl,EscCommonTypes.idl
SC_057023,2011-02-08T12:44:16,ENV,ABC,undef,CR_029967,undef,undef,CLOSED,ENV,ENV_CONFIG,15.5.27,ENV,CUA_IDL,sources/idl,SupportTypes.idl
SC_057023,2011-02-08T12:44:16,ENV,ABC,undef,CR_029967,undef,undef,CLOSED,ENV,ENV_CONFIG,15.5.27,ENV,CUA_IDL,sources/idl,EscCommonTypes.idl
SC_057023,2011-02-08T12:44:16,ENV,ABC,undef,CR_029967,undef,undef,CLOSED,ENV,CUA_IDL,15.5.12,ENV,CUA_IDL,sources/idl,Map_Data.idl
SC_057023,2011-02-08T12:44:16,ENV,ABC,undef,CR_029967,undef,undef,CLOSED,ENV,ENV_CONFIG,15.5.27,ENV,CUA_IDL,sources/idl,EnvCommonTypes_RS.doc
SC_057023,2011-02-08T12:44:16,ENV,ABC,undef,CR_029967,undef,undef,CLOSED,ENV,CUA_IDL,15.5.12,ENV,CUA_IDL,sources/idl,EscCommon.idl
SC_057023,2011-02-08T12:44:16,ENV,ABC,undef,CR_029967,undef,undef,CLOSED,ENV,ENV_CONFIG,15.5.27,ENV,CUA_IDL,sources/idl,Map_Data.idl
SC_057407,2011-03-07T14:37:38,ESC,ABC,undef,undef,I2_081308,undef,CLOSED,ENV,ENV_CONFIG,15.0.96.33,ESC,BUSINESS,sources/BCiam/source,UupTimeManager.cpp
SC_057407,2011-03-07T14:37:38,ESC,ABC,undef,undef,I2_081308,undef,CLOSED,ENV,ENV_CONFIG,15.0.96.34,ESC,BUSINESS,sources/BCiam/source,UupTimeManager.cpp
SC_057407,2011-03-07T14:37:38,ESC,ABC,undef,undef,I2_081308,undef,CLOSED,ENV,ENV_CONFIG,15.5.64,ESC,BUSINESS,sources/BCiam/source,UupTimeManager.cpp
SC_058942,2011-06-24T12:30:05,ESC,ABC,undef,undef,I2_082429,undef,CLOSED,ENV,ENV_CONFIG,15.5.147,ESC,CLIENTADAPTER,sources/source,EnvFlowRestrictionServiceMapper.cpp
SC_056835,2011-01-27T14:50:23,ESC,ABC,undef,CR_029967,undef,undef,CLOSED,ENV,ENV_CONFIG,15.5.20,ESC,BUSINESS,sources/BOther/source,RuleRSCrossBorderDctSegment.cpp
SC_056835,2011-01-27T14:50:23,ESC,ABC,undef,CR_029967,undef,undef,CLOSED,ENV,ENV_CONFIG,15.5.20,ESC,BUSINESS,sources/BOther/source,RuleRSCrossBorderDctSegment.h
SC_061280,2012-01-11T10:51:01,ENV,ABC,undef,undef,I2_084205,undef,CLOSED,ENV,ENV_CONFIG,16.5.7,ENV,ENV_CONFIG,sources/application,cramClient.ksh
SC_061280,2012-01-11T10:51:01,ENV,ABC,undef,undef,I2_084205,undef,CLOSED,ENV,ENV_CONFIG,16.0.108.1,ENV,ENV_CONFIG,sources/application,cramClient.ksh
SC_061280,2012-01-11T10:51:01,ENV,ABC,undef,undef,I2_084205,undef,CLOSED,ENV,ENV_CONFIG,16.5.57,ENV,ENV_CONFIG,sources/application,cramClient.ksh
SC_061280,2012-01-11T10:51:01,ENV,ABC,undef,undef,I2_084205,undef,CLOSED,ENV,ENV_CONFIG,16.0.107.12,ENV,ENV_CONFIG,sources/application,cramClient.ksh
SC_059372,2011-08-02T11:54:10,ENV,ABC,undef,undef,I2_082767,undef,CLOSED,ENV,ENV_CONFIG,15.5.154.20,ESC,CLIENTADAPTER_B,sources/test/LiveUpdate/source,RefLocUpdateTransform.cpp
SC_059372,2011-08-02T11:54:10,ENV,ABC,undef,undef,I2_082767,undef,CLOSED,ENV,ENV_CONFIG,16.0.11,ESC,CLIENTADAPTER_B,sources/test/LiveUpdate/source,RefLocUpdateTransform.cpp
SC_058310,2011-05-06T12:48:40,ESC,ABC,undef,undef,I2_082009,undef,CLOSED,ENV,ENV_CONFIG,15.5.105,ESC,BUSINESS,sources/BOther/source,RuleRSOverlappingDctLimitsOnAirspaceBorders.cpp
SC_056484,2011-01-11T10:54:04,ESC,ABC,undef,undef,I2_080526,undef,CLOSED,ENV,ENV_CONFIG,15.5.18,ESC,ACA_AME_ADAPTER,sources/source,CRAM_Helper.h
SC_056484,2011-01-11T10:54:04,ESC,ABC,undef,undef,I2_080526,undef,CLOSED,ENV,ENV_CONFIG,15.5.18,ESC,ACA_AME_ADAPTER,sources/source,CRAMData.cpp
SC_056484,2011-01-11T10:54:04,ESC,ABC,undef,undef,I2_080526,undef,CLOSED,ENV,ENV_CONFIG,15.0.96.15,ESC,ACA_AME_ADAPTER,sources/source,CRAMData.cpp
SC_056484,2011-01-11T10:54:04,ESC,ABC,undef,undef,I2_080526,undef,CLOSED,ENV,ENV_CONFIG,15.0.96.17,ESC,ACA_AME_ADAPTER,sources/source,CRAMErrorData.h
SC_056484,2011-01-11T10:54:04,ESC,ABC,undef,undef,I2_080526,undef,CLOSED,ENV,ENV_CONFIG,15.0.96.17,ESC,ACA_AME_ADAPTER,sources/source,AmeErrors.cpp
SC_056484,2011-01-11T10:54:04,ESC,ABC,undef,undef,I2_080526,undef,CLOSED,ENV,ENV_CONFIG,15.5.18,ESC,ACA_AME_ADAPTER,sources/source,AmeErrors.cpp
SC_056484,2011-01-11T10:54:04,ESC,ABC,undef,undef,I2_080526,undef,CLOSED,ENV,ENV_CONFIG,15.5.18,ESC,ACA_AME_ADAPTER,sources/source,CRAMErrorData.cpp
SC_056484,2011-01-11T10:54:04,ESC,ABC,undef,undef,I2_080526,undef,CLOSED,ENV,ENV_CONFIG,15.5.18,ESC,ACA_AME_ADAPTER,sources/source,CRAMErrorData.h
SC_056484,2011-01-11T10:54:04,ESC,ABC,undef,undef,I2_080526,undef,CLOSED,ENV,ENV_CONFIG,15.0.96.17,ESC,ACA_AME_ADAPTER,sources/source,CRAMData.cpp
SC_056484,2011-01-11T10:54:04,ESC,ABC,undef,undef,I2_080526,undef,CLOSED,ENV,ENV_CONFIG,15.5.18,ESC,ACA_AME_ADAPTER,sources/source,CRAM_Helper.cpp
SC_056484,2011-01-11T10:54:04,ESC,ABC,undef,undef,I2_080526,undef,CLOSED,ENV,ENV_CONFIG,15.0.96.15,ESC,ACA_AME_ADAPTER,sources/source,AmeErrors.cpp
SC_056484,2011-01-11T10:54:04,ESC,ABC,undef,undef,I2_080526,undef,CLOSED,ENV,ENV_CONFIG,15.0.96.17,ESC,ACA_AME_ADAPTER,sources/source,CRAMErrorData.cpp
SC_056484,2011-01-11T10:54:04,ESC,ABC,undef,undef,I2_080526,undef,CLOSED,ENV,ENV_CONFIG,15.0.96.17,ESC,ACA_AME_ADAPTER,sources/source,CRAM_Helper.cpp
SC_056484,2011-01-11T10:54:04,ESC,ABC,undef,undef,I2_080526,undef,CLOSED,ENV,ENV_CONFIG,15.0.96.17,ESC,ACA_AME_ADAPTER,sources/source,CRAM_Helper.h
SC_059765,2011-09-08T10:02:25,ESC,ABC,undef,undef,I2_083017,undef,CLOSED,ENV,ENV_CONFIG,16.0.35,ESC,KERNEL,sources/States/source,EBETimeTableList.cpp
SC_059765,2011-09-08T10:02:25,ESC,ABC,undef,undef,I2_083017,undef,CLOSED,ENV,ENV_CONFIG,15.5.154.31,ESC,KERNEL,sources/States/source,EBETimeTableList.cpp
SC_063989,2012-06-21T09:20:13,ENV,ABC,ABC,undef,I2_086655,undef,CLOSED,ENV,ENV_CONFIG,16.5.126,ESC,CLIENTADAPTER_B,sources/test/LiveUpdate/source,TrafficVolumeSetTransform.cpp
SC_063989,2012-06-21T09:20:13,ENV,ABC,ABC,undef,I2_086655,undef,CLOSED,ENV,ENV_CONFIG,16.5.100.5,ESC,CLIENTADAPTER_B,sources/test/LiveUpdate/source,TrafficVolumeSetTransform.cpp
SC_058657,2011-05-27T05:59:53,ESC,ABC,undef,undef,I2_082124,undef,CLOSED,ENV,ENV_CONFIG,15.5.124,ESC,BUSINESS,sources/BOther/source,RuleRSCrossBorderDctSegment.cpp
SC_058754,2011-06-07T10:39:19,ESC,ABC,undef,undef,I2_082178,undef,CLOSED,ENV,ENV_CONFIG,15.5.134,ESC,CLIENTADAPTER,sources/source,EnvFlowRestrictionServiceMapper.h
SC_058754,2011-06-07T10:39:19,ESC,ABC,undef,undef,I2_082178,undef,CLOSED,ENV,ENV_CONFIG,15.5.134,ESC,CLIENTADAPTER,sources/source,EnvFlowRestrictionServiceMapper.cpp
SC_058754,2011-06-07T10:39:19,ESC,ABC,undef,undef,I2_082178,undef,CLOSED,ENV,ENV_CONFIG,15.5.134,ESC,BUSINESS,sources/BObject/source,FlowRestriction.h
SC_058754,2011-06-07T10:39:19,ESC,ABC,undef,undef,I2_082178,undef,CLOSED,ENV,ENV_CONFIG,15.5.134,ESC,BUSINESS,sources/BObject/source,FlowRestriction.cpp
SC_060448,2011-11-04T13:14:55,ESC,ABC,undef,undef,I2_083400,undef,UNDER_WORK,ENV,ENV_CONFIG,16.5.57,ESC,BUSINESS,sources/BOther/source,RuleRSDctLimitOnHSPT.cpp
SC_060448,2011-11-04T13:14:55,ESC,ABC,undef,undef,I2_083400,undef,UNDER_WORK,ENV,ENV_CONFIG,16.5.57,ESC,BUSINESS,sources/BOther/source,RuleRSDctLimitOnHSPT.h
SC_060584,2011-11-16T08:58:20,ESC,ABC,undef,undef,I2_083617,undef,CLOSED,ENV,ENV_CONFIG,15.5.154.46,ESC,BUSINESS,sources/BOther/source,RuleRSCrossBorderDctSegment.cpp
SC_060584,2011-11-16T08:58:20,ESC,ABC,undef,undef,I2_083617,undef,CLOSED,ENV,ENV_CONFIG,15.5.154.46,ESC,BUSINESS,sources/BOther/source,RuleRSCrossBorderDctSegment.h
SC_060584,2011-11-16T08:58:20,ESC,ABC,undef,undef,I2_083617,undef,CLOSED,ENV,ENV_CONFIG,16.0.93,ESC,BUSINESS,sources/BOther/source,RuleRSCrossBorderDctSegment.h
SC_060584,2011-11-16T08:58:20,ESC,ABC,undef,undef,I2_083617,undef,CLOSED,ENV,ENV_CONFIG,16.0.82.7,ESC,BUSINESS,sources/BOther/source,RuleRSCrossBorderDctSegment.h
SC_060584,2011-11-16T08:58:20,ESC,ABC,undef,undef,I2_083617,undef,CLOSED,ENV,ENV_CONFIG,16.0.82.7,ESC,BUSINESS,sources/BOther/source,RuleRSCrossBorderDctSegment.cpp
SC_060584,2011-11-16T08:58:20,ESC,ABC,undef,undef,I2_083617,undef,CLOSED,ENV,ENV_CONFIG,16.0.93,ESC,BUSINESS,sources/BOther/source,RuleRSCrossBorderDctSegment.cpp
SC_062226,2012-03-02T15:03:48,ESC,ABC,undef,undef,I2_085159,undef,CLOSED,ENV,ENV_CONFIG,16.0.108.5,ESC,BUSINESS,sources/BCiam/source,RouteCdrUpdater.cpp
SC_062226,2012-03-02T15:03:48,ESC,ABC,undef,undef,I2_085159,undef,CLOSED,ENV,ENV_CONFIG,16.5.62,ESC,BUSINESS,sources/BCiam/source,RouteCdrUpdater.cpp
SC_062226,2012-03-02T15:03:48,ESC,ABC,undef,undef,I2_085159,undef,CLOSED,ENV,ENV_CONFIG,16.5.57.3,ESC,BUSINESS,sources/BCiam/source,RouteCdrUpdater.cpp
SC_062226,2012-03-02T15:03:48,ESC,ABC,undef,undef,I2_085159,undef,CLOSED,ENV,ENV_CONFIG,16.0.107.37,ESC,BUSINESS,sources/BCiam/source,RouteCdrUpdater.cpp
SC_063381,2012-06-05T12:25:40,ENV,ABC,undef,CR_033148,undef,undef,CLOSED,ENV,ENV_CONFIG,16.5.112,ESC,CLIENTADAPTER_B,sources/test/LiveUpdate/source,AirspaceUpdateTransform.h
SC_063381,2012-06-05T12:25:40,ENV,ABC,undef,CR_033148,undef,undef,CLOSED,ENV,ENV_CONFIG,16.5.112,ESC,CLIENTADAPTER_B,sources/test/LiveUpdate/source,AirspaceUpdateTransform.cpp
SC_057068,2011-02-10T12:29:26,ESC,ABC,undef,CR_029967,undef,undef,CLOSED,ENV,ENV_CONFIG,15.5.27,ESC,CLIENTADAPTER,sources/source,IdlSeq.h
SC_057068,2011-02-10T12:29:26,ESC,ABC,undef,CR_029967,undef,undef,CLOSED,ENV,ENV_CONFIG,15.5.27,ESC,CLIENTADAPTER,sources/source,IdlSeq.cpp
SC_057068,2011-02-10T12:29:26,ESC,ABC,undef,CR_029967,undef,undef,CLOSED,ENV,ENV_CONFIG,15.5.27,ESC,CLIENTADAPTER,sources/source,FlowRestrictionAdaptor.h
SC_057068,2011-02-10T12:29:26,ESC,ABC,undef,CR_029967,undef,undef,CLOSED,ENV,ENV_CONFIG,15.5.27,ESC,CLIENTADAPTER,sources/source,EscServiceMapper_toIDL.cpp
SC_057068,2011-02-10T12:29:26,ESC,ABC,undef,CR_029967,undef,undef,CLOSED,ENV,ENV_CONFIG,15.5.27,ESC,CLIENTADAPTER,sources/source,IdlEnum.h
SC_057068,2011-02-10T12:29:26,ESC,ABC,undef,CR_029967,undef,undef,CLOSED,ENV,ENV_CONFIG,15.5.27,ESC,KERNEL,sources/States/source,FlowRestrictionState.h
SC_057068,2011-02-10T12:29:26,ESC,ABC,undef,CR_029967,undef,undef,CLOSED,ENV,ENV_CONFIG,15.5.27,ESC,CLIENTADAPTER,sources/source,IdlStruct.cpp
SC_057068,2011-02-10T12:29:26,ESC,ABC,undef,CR_029967,undef,undef,CLOSED,ENV,ENV_CONFIG,15.5.27,ESC,CLIENTADAPTER,sources/source,EscServiceMapper.h
SC_057068,2011-02-10T12:29:26,ESC,ABC,undef,CR_029967,undef,undef,CLOSED,ENV,ENV_CONFIG,15.5.27,ESC,CLIENTADAPTER,sources/source,IdlStruct.h
SC_057068,2011-02-10T12:29:26,ESC,ABC,undef,CR_029967,undef,undef,CLOSED,ENV,ENV_CONFIG,15.5.27,ESC,CLIENTADAPTER,sources/source,EscServiceMapper_fromIDL.cpp
SC_057068,2011-02-10T12:29:26,ESC,ABC,undef,CR_029967,undef,undef,CLOSED,ENV,ENV_CONFIG,15.5.27,ESC,CLIENTADAPTER,sources/source,FlowRestrictionAdaptor.cpp
SC_057068,2011-02-10T12:29:26,ESC,ABC,undef,CR_029967,undef,undef,CLOSED,ENV,ENV_CONFIG,15.5.27,ESC,CLIENTADAPTER,sources/source,IdlUnion.cpp
SC_057068,2011-02-10T12:29:26,ESC,ABC,undef,CR_029967,undef,undef,CLOSED,ENV,ENV_CONFIG,15.5.27,ESC,CLIENTADAPTER,sources/source,IdlEnum.cpp
SC_061249,2012-01-09T14:01:31,ESC,ABC,undef,undef,I2_084189,undef,CLOSED,ENV,ENV_CONFIG,16.5.7,ESC,BUSINESS,sources/BMandatoryValidation/source,VMEnRoute.cpp
SC_061249,2012-01-09T14:01:31,ESC,ABC,undef,undef,I2_084189,undef,CLOSED,ENV,ENV_CONFIG,16.0.108.1,ESC,BUSINESS,sources/BCiam/source,RouteCdrUpdater.cpp
SC_061249,2012-01-09T14:01:31,ESC,ABC,undef,undef,I2_084189,undef,CLOSED,ENV,ENV_CONFIG,16.0.107.11,ESC,BUSINESS,sources/BMandatoryValidation/source,VMEnRoute.cpp
SC_061249,2012-01-09T14:01:31,ESC,ABC,undef,undef,I2_084189,undef,CLOSED,ENV,ENV_CONFIG,16.0.107.13,ESC,BUSINESS,sources/BCiam/source,RouteCdrUpdater.cpp
SC_061249,2012-01-09T14:01:31,ESC,ABC,undef,undef,I2_084189,undef,CLOSED,ENV,ENV_CONFIG,16.5.13,ESC,BUSINESS,sources/BCiam/source,RouteCdrUpdater.cpp
SC_062069,2012-02-22T15:42:49,ENV,ABC,undef,undef,I2_084973,undef,CLOSED,ENV,ENV_CONFIG,16.0.108.1,ENV,ENV_CONFIG,sources/application,AUP_Export.ksh
SC_062069,2012-02-22T15:42:49,ENV,ABC,undef,undef,I2_084973,undef,CLOSED,ENV,ENV_CONFIG,16.0.107.33,ENV,ENV_CONFIG,sources/application,AUP_Export.ksh
SC_062069,2012-02-22T15:42:49,ENV,ABC,undef,undef,I2_084973,undef,CLOSED,ENV,ENV_CONFIG,16.5.32,ENV,ENV_CONFIG,sources/application,AUP_Export.ksh
SC_062069,2012-02-22T15:42:49,ENV,ABC,undef,undef,I2_084973,undef,CLOSED,ENV,ENV_CONFIG,16.5.57,ENV,ENV_CONFIG,sources/application,AUP_Export.ksh
SC_061618,2012-01-30T07:41:48,ESC,ABC,undef,undef,I2_084526,undef,CLOSED,ENV,ENV_CONFIG,16.0.108.1,ESC,BUSINESS,sources/BOther/source,RuleRSFraCrossBorder.cpp
SC_061618,2012-01-30T07:41:48,ESC,ABC,undef,undef,I2_084526,undef,CLOSED,ENV,ENV_CONFIG,16.5.57,ESC,BUSINESS,sources/BOther/source,RuleRSFraCrossBorder.cpp
SC_061618,2012-01-30T07:41:48,ESC,ABC,undef,undef,I2_084526,undef,CLOSED,ENV,ENV_CONFIG,16.5.18,ESC,BUSINESS,sources/BOther/source,RuleRSFraCrossBorder.cpp
SC_061618,2012-01-30T07:41:48,ESC,ABC,undef,undef,I2_084526,undef,CLOSED,ENV,ENV_CONFIG,16.0.107.23,ESC,BUSINESS,sources/BOther/source,RuleRSFraCrossBorder.cpp
SC_063230,2012-05-21T08:50:44,ESC,ABC,undef,undef,I2_082726,undef,CLOSED,ENV,ENV_CONFIG,16.5.102,ENV,ENV_SERVER,sources/review/spec,RS_DCT_CB_AUA_Overlapping_spec.rb
SC_063230,2012-05-21T08:50:44,ESC,ABC,undef,undef,I2_082726,undef,CLOSED,ENV,ENV_CONFIG,16.5.102,ESC,BUSINESS,sources/BOther/source,RuleRSOverlappingDctLimitsOnAirspaceBorders.cpp
SC_063230,2012-05-21T08:50:44,ESC,ABC,undef,undef,I2_082726,undef,CLOSED,ENV,ENV_CONFIG,16.5.102,ENV,ENV_SERVER,sources/review/spec,undef
SC_059872,2011-09-16T14:03:01,ESC,ABC,undef,undef,I2_083071,undef,CLOSED,ENV,ENV_CONFIG,15.5.154.35,ENV,ENV_CONFIG,sources/test/dom,regression_test_dom.ksh
SC_059872,2011-09-16T14:03:01,ESC,ABC,undef,undef,I2_083071,undef,CLOSED,ENV,ENV_CONFIG,16.0.51,ESC,BUSINESS,sources/BManager/source,FlowRestrictionManagerImpl.cpp
SC_059872,2011-09-16T14:03:01,ESC,ABC,undef,undef,I2_083071,undef,CLOSED,ENV,ENV_CONFIG,15.5.154.35,ESC,BUSINESS,sources/BManager/source,FlowRestrictionManagerImpl.cpp
SC_059872,2011-09-16T14:03:01,ESC,ABC,undef,undef,I2_083071,undef,CLOSED,ENV,ENV_CONFIG,16.0.51,ENV,ENV_CONFIG,sources/test/dom,regression_test_dom.ksh
SC_062677,2012-04-02T11:21:51,ESC,ABC,undef,undef,I2_085546,undef,CLOSED,ENV,ENV_CONFIG,16.5.57.6,ESC,CLIENTADAPTER,sources/source,EnvFlowRestrictionServiceMapper.cpp
SC_062677,2012-04-02T11:21:51,ESC,ABC,undef,undef,I2_085546,undef,CLOSED,ENV,ENV_CONFIG,16.5.70,ESC,CLIENTADAPTER,sources/source,EnvFlowRestrictionServiceMapper.cpp
SC_062677,2012-04-02T11:21:51,ESC,ABC,undef,undef,I2_085546,undef,CLOSED,ENV,ENV_CONFIG,16.0.108.10,ESC,CLIENTADAPTER,sources/source,EnvFlowRestrictionServiceMapper.cpp
SC_062677,2012-04-02T11:21:51,ESC,ABC,undef,undef,I2_085546,undef,CLOSED,ENV,ENV_CONFIG,16.0.107.40,ESC,CLIENTADAPTER,sources/source,EnvFlowRestrictionServiceMapper.cpp
SC_058169,2011-04-27T09:01:45,ESC,ABC,undef,undef,I2_081925,undef,CLOSED,ENV,ENV_CONFIG,15.5.92,ESC,BUSINESS,sources/BOther/source,RuleRSFraCrossBorder.cpp
SC_062481,2012-03-20T14:56:19,ENV,ABC,undef,CR_031655,undef,undef,CLOSED,ENV,ENV_CONFIG,16.5.59,ENV,ENV_SERVER,sources/review/Hibou/definitions/restrictions,restriction.rb
SC_062481,2012-03-20T14:56:19,ENV,ABC,undef,CR_031655,undef,undef,CLOSED,ENV,ENV_CONFIG,16.5.59,ENV,ENV_SERVER,sources/review/spec,FB488_spec.rb
SC_058014,2011-04-13T08:23:04,ESC,ABC,undef,undef,I2_081764,undef,CLOSED,ENV,ENV_CONFIG,15.5.82,ESC,KERNEL,sources/Support/source,RefCountryFinder.cpp
SC_058014,2011-04-13T08:23:04,ESC,ABC,undef,undef,I2_081764,undef,CLOSED,ENV,ENV_CONFIG,15.5.82,ESC,BUSINESS,sources/BMandatoryValidation/source,VFlowRestriction.cpp
SC_060386,2011-10-27T12:33:18,ESC,ABC,undef,undef,I2_083501,undef,CLOSED,ENV,ENV_CONFIG,16.0.69,ESC,BUSINESS,sources/BObject/source,FlowRestriction.cpp
SC_060386,2011-10-27T12:33:18,ESC,ABC,undef,undef,I2_083501,undef,CLOSED,ENV,ENV_CONFIG,15.5.154.42,ESC,BUSINESS,sources/BObject/source,FlowRestriction.cpp
SC_058728,2011-06-01T11:09:47,ESC,ABC,undef,undef,I2_082205,undef,CLOSED,ENV,ENV_CONFIG,15.5.128,ESC,BUSINESS,sources/BOther/source,RuleRSOverlappingDctLimitsOnAirspaces.cpp
SC_060503,2011-11-09T13:27:26,ESC,ABC,undef,undef,I2_083576,undef,CLOSED,ENV,ENV_CONFIG,16.0.81,ESC,BUSINESS,sources/BManager/source,FlowRestrictionManagerImpl.cpp
SC_060503,2011-11-09T13:27:26,ESC,ABC,undef,undef,I2_083576,undef,CLOSED,ENV,ENV_CONFIG,15.5.154.45,ESC,BUSINESS,sources/BManager/source,FlowRestrictionManagerImpl.cpp
SC_064157,2012-07-02T11:08:25,ESC,ABC,ABC,undef,I2_086784,undef,CLOSED,ENV,ENV_CONFIG,17.0.3,ESC,EXPORT,sources/Exp/source,ESCDriver.cpp
SC_064157,2012-07-02T11:08:25,ESC,ABC,ABC,undef,I2_086784,undef,CLOSED,ENV,ENV_CONFIG,16.5.136.2,ESC,EXPORT,sources/Exp/source,EscAdapter.cpp
SC_064157,2012-07-02T11:08:25,ESC,ABC,ABC,undef,I2_086784,undef,CLOSED,ENV,ENV_CONFIG,16.5.136.2,ESC,EXPORT,sources/Exp/source,ESCDriver.cpp
SC_064157,2012-07-02T11:08:25,ESC,ABC,ABC,undef,I2_086784,undef,CLOSED,ENV,ENV_CONFIG,17.0.64,ESC,EXPORT,sources/Exp/source,EscAdapter.cpp
SC_064157,2012-07-02T11:08:25,ESC,ABC,ABC,undef,I2_086784,undef,CLOSED,ENV,ENV_CONFIG,17.0.3,ESC,EXPORT,sources/Exp/source,EscAdapter.cpp
SC_064157,2012-07-02T11:08:25,ESC,ABC,ABC,undef,I2_086784,undef,CLOSED,ENV,ENV_CONFIG,17.0.64,ESC,EXPORT,sources/Exp/source,ESCDriver.cpp
SC_059451,2011-08-11T11:20:01,ESC,ABC,undef,undef,I2_082809,undef,CLOSED,ENV,ENV_CONFIG,15.5.154.23,ESC,BUSINESS,sources/BOther/source,RuleRSFraCrossBorder.cpp
SC_059451,2011-08-11T11:20:01,ESC,ABC,undef,undef,I2_082809,undef,CLOSED,ENV,ENV_CONFIG,15.5.154.23,ESC,BUSINESS,sources/BOther/source,RuleRSFraCrossBorder.h
SC_059451,2011-08-11T11:20:01,ESC,ABC,undef,undef,I2_082809,undef,CLOSED,ENV,ENV_CONFIG,16.0.15,ESC,BUSINESS,sources/BManager/source,FlowRestrictionManagerImpl.cpp
SC_059451,2011-08-11T11:20:01,ESC,ABC,undef,undef,I2_082809,undef,CLOSED,ENV,ENV_CONFIG,15.5.154.23,ESC,BUSINESS,sources/BManager/source,FlowRestrictionManagerImpl.cpp
SC_059451,2011-08-11T11:20:01,ESC,ABC,undef,undef,I2_082809,undef,CLOSED,ENV,ENV_CONFIG,15.5.154.23,ESC,KERNEL,sources/States/source,EBETimeTableList.h
SC_059451,2011-08-11T11:20:01,ESC,ABC,undef,undef,I2_082809,undef,CLOSED,ENV,ENV_CONFIG,16.0.15,ESC,BUSINESS,sources/BMandatoryValidation/source,VMFlowRestriction.cpp
SC_059451,2011-08-11T11:20:01,ESC,ABC,undef,undef,I2_082809,undef,CLOSED,ENV,ENV_CONFIG,16.0.15,ESC,KERNEL,sources/States/source,EBETimeTableList.h
SC_059451,2011-08-11T11:20:01,ESC,ABC,undef,undef,I2_082809,undef,CLOSED,ENV,ENV_CONFIG,16.0.15,ESC,BUSINESS,sources/BOther/source,RuleRSFraCrossBorder.cpp
SC_059451,2011-08-11T11:20:01,ESC,ABC,undef,undef,I2_082809,undef,CLOSED,ENV,ENV_CONFIG,15.5.154.23,ESC,KERNEL,sources/States/source,EBETimeTableList.cpp
SC_059451,2011-08-11T11:20:01,ESC,ABC,undef,undef,I2_082809,undef,CLOSED,ENV,ENV_CONFIG,15.5.154.23,ESC,BUSINESS,sources/BMandatoryValidation/source,VMFlowRestriction.cpp
SC_059451,2011-08-11T11:20:01,ESC,ABC,undef,undef,I2_082809,undef,CLOSED,ENV,ENV_CONFIG,16.0.15,ESC,KERNEL,sources/States/source,EBETimeTableList.cpp
SC_059451,2011-08-11T11:20:01,ESC,ABC,undef,undef,I2_082809,undef,CLOSED,ENV,ENV_CONFIG,16.0.15,ESC,BUSINESS,sources/BOther/source,RuleRSFraCrossBorder.h
SC_059580,2011-08-24T07:53:39,ESC,ABC,undef,undef,I2_082809,undef,CLOSED,ENV,ENV_CONFIG,16.0.27,ESC,BUSINESS,sources/BOther/source,RuleRSOverlappingDctLimitsOnAirspaceBorders.h
SC_059580,2011-08-24T07:53:39,ESC,ABC,undef,undef,I2_082809,undef,CLOSED,ENV,ENV_CONFIG,15.5.154.27,ESC,BUSINESS,sources/BMandatoryValidation/source,VMFlowRestriction.cpp
SC_059580,2011-08-24T07:53:39,ESC,ABC,undef,undef,I2_082809,undef,CLOSED,ENV,ENV_CONFIG,16.0.27,ESC,BUSINESS,sources/BMandatoryValidation/source,VMFlowRestriction.cpp
SC_059580,2011-08-24T07:53:39,ESC,ABC,undef,undef,I2_082809,undef,CLOSED,ENV,ENV_CONFIG,15.5.154.27,ESC,BUSINESS,sources/BOther/source,RuleRSOverlappingDctLimitsOnAirspaceBorders.cpp
SC_059580,2011-08-24T07:53:39,ESC,ABC,undef,undef,I2_082809,undef,CLOSED,ENV,ENV_CONFIG,16.0.27,ESC,BUSINESS,sources/BMandatoryValidation/source,VFlowRestriction.cpp
SC_059580,2011-08-24T07:53:39,ESC,ABC,undef,undef,I2_082809,undef,CLOSED,ENV,ENV_CONFIG,15.5.154.27,ESC,BUSINESS,sources/BMandatoryValidation/source,VMFlowRestriction.h
SC_059580,2011-08-24T07:53:39,ESC,ABC,undef,undef,I2_082809,undef,CLOSED,ENV,ENV_CONFIG,15.5.154.27,ESC,BUSINESS,sources/BMandatoryValidation/source,VFlowRestriction.h
SC_059580,2011-08-24T07:53:39,ESC,ABC,undef,undef,I2_082809,undef,CLOSED,ENV,ENV_CONFIG,16.0.27,ESC,BUSINESS,sources/BMandatoryValidation/source,VMFlowRestriction.h
SC_059580,2011-08-24T07:53:39,ESC,ABC,undef,undef,I2_082809,undef,CLOSED,ENV,ENV_CONFIG,15.5.154.27,ESC,BUSINESS,sources/BMandatoryValidation/source,VFlowRestriction.cpp
SC_059580,2011-08-24T07:53:39,ESC,ABC,undef,undef,I2_082809,undef,CLOSED,ENV,ENV_CONFIG,15.5.154.27,ESC,BUSINESS,sources/BOther/source,RuleRSOverlappingDctLimitsOnAirspaceBorders.h
SC_059580,2011-08-24T07:53:39,ESC,ABC,undef,undef,I2_082809,undef,CLOSED,ENV,ENV_CONFIG,16.0.27,ESC,BUSINESS,sources/BMandatoryValidation/source,VFlowRestriction.h
SC_059580,2011-08-24T07:53:39,ESC,ABC,undef,undef,I2_082809,undef,CLOSED,ENV,ENV_CONFIG,16.0.27,ESC,BUSINESS,sources/BOther/source,RuleRSOverlappingDctLimitsOnAirspaceBorders.cpp
SC_059353,2011-07-28T12:22:52,ESC,ABC,undef,undef,I2_082696,undef,CLOSED,ENV,ENV_CONFIG,16.0.7,ESC,BUSINESS,sources/BManager/source,TrafficVolumeManagerImpl.cpp
SC_059353,2011-07-28T12:22:52,ESC,ABC,undef,undef,I2_082696,undef,CLOSED,ENV,ENV_CONFIG,15.5.154.18,ESC,BUSINESS,sources/BManager/source,TrafficVolumeManagerImpl.cpp
SC_057354,2011-03-01T15:40:42,ESC,ABC,undef,CR_029967,undef,undef,CLOSED,ENV,ENV_CONFIG,15.5.43,ESC,BUSINESS,sources/BOther/source,RuleRS.cpp
SC_057354,2011-03-01T15:40:42,ESC,ABC,undef,CR_029967,undef,undef,CLOSED,ENV,ENV_CONFIG,15.5.43,ESC,BUSINESS,sources/BManager/source,FlowRestrictionManagerImpl.cpp
SC_056674,2011-01-18T14:08:43,ESC,ABC,undef,undef,I2_080624,undef,CLOSED,ENV,ENV_CONFIG,15.0.96.22,ESC,BUSINESS,sources/BMandatoryValidation/source,VTrafficVolume.cpp
SC_056674,2011-01-18T14:08:43,ESC,ABC,undef,undef,I2_080624,undef,CLOSED,ENV,ENV_CONFIG,15.5.34,ESC,BUSINESS,sources/BMandatoryValidation/source,VTrafficVolume.cpp
SC_058180,2011-04-27T13:26:42,ESC,ABC,undef,CR_029967,undef,undef,CLOSED,ENV,ENV_CONFIG,15.5.92,ESC,BUSINESS,sources/BMandatoryValidation/source,VMErrorRestriction.h
SC_058180,2011-04-27T13:26:42,ESC,ABC,undef,CR_029967,undef,undef,CLOSED,ENV,ENV_CONFIG,15.5.92,ESC,BUSINESS,sources/BOther/source,FlowRestrictionContextValidator.cpp
SC_058180,2011-04-27T13:26:42,ESC,ABC,undef,CR_029967,undef,undef,CLOSED,ENV,ENV_CONFIG,15.5.92,ESC,BUSINESS,sources/BMandatoryValidation/source,VMErrorRestriction.cpp
SC_060351,2011-10-26T08:22:49,ESC,ABC,undef,undef,I2_083400,undef,CLOSED,ENV,ENV_CONFIG,16.0.69,ESC,BUSINESS,sources/BManager/source,AirspaceManagerImpl.cpp
SC_060351,2011-10-26T08:22:49,ESC,ABC,undef,undef,I2_083400,undef,CLOSED,ENV,ENV_CONFIG,15.5.154.42,ESC,BUSINESS,sources/BMandatoryValidation/source,VMErrorRestriction.cpp
SC_060351,2011-10-26T08:22:49,ESC,ABC,undef,undef,I2_083400,undef,CLOSED,ENV,ENV_CONFIG,16.0.69,ESC,BUSINESS,sources/BMandatoryValidation/source,VMErrorRestriction.h
SC_060351,2011-10-26T08:22:49,ESC,ABC,undef,undef,I2_083400,undef,CLOSED,ENV,ENV_CONFIG,15.5.154.42,ESC,BUSINESS,sources/BMandatoryValidation/source,VMErrorRestriction.h
SC_060351,2011-10-26T08:22:49,ESC,ABC,undef,undef,I2_083400,undef,CLOSED,ENV,ENV_CONFIG,15.5.154.42,ESC,BUSINESS,sources/BOther/source,DctLimitValidator.h
SC_060351,2011-10-26T08:22:49,ESC,ABC,undef,undef,I2_083400,undef,CLOSED,ENV,ENV_CONFIG,16.0.69,ESC,BUSINESS,sources/BManager/source,FlowRestrictionManagerImpl.cpp
SC_060351,2011-10-26T08:22:49,ESC,ABC,undef,undef,I2_083400,undef,CLOSED,ENV,ENV_CONFIG,15.5.154.42,ESC,BUSINESS,sources/BManager/source,FlowRestrictionManagerImpl.h
SC_060351,2011-10-26T08:22:49,ESC,ABC,undef,undef,I2_083400,undef,CLOSED,ENV,ENV_CONFIG,16.0.69,ESC,BUSINESS,sources/BMandatoryValidation/source,VMErrorRestriction.cpp
SC_060351,2011-10-26T08:22:49,ESC,ABC,undef,undef,I2_083400,undef,CLOSED,ENV,ENV_CONFIG,16.0.69,ESC,BUSINESS,sources/BManager/source,FlowRestrictionManagerImpl.h
SC_060351,2011-10-26T08:22:49,ESC,ABC,undef,undef,I2_083400,undef,CLOSED,ENV,ENV_CONFIG,16.0.69,ESC,BUSINESS,sources/BOther/source,DctLimitValidator.cpp
SC_060351,2011-10-26T08:22:49,ESC,ABC,undef,undef,I2_083400,undef,CLOSED,ENV,ENV_CONFIG,15.5.154.42,ESC,BUSINESS,sources/BOther/source,DctLimitValidator.cpp
SC_060351,2011-10-26T08:22:49,ESC,ABC,undef,undef,I2_083400,undef,CLOSED,ENV,ENV_CONFIG,15.5.154.42,ESC,BUSINESS,sources/BManager/source,FlowRestrictionManagerImpl.cpp
SC_060351,2011-10-26T08:22:49,ESC,ABC,undef,undef,I2_083400,undef,CLOSED,ENV,ENV_CONFIG,15.5.154.42,ESC,BUSINESS,sources/BOther/source,RuleRSCrossBorderDctSegment.cpp
SC_060351,2011-10-26T08:22:49,ESC,ABC,undef,undef,I2_083400,undef,CLOSED,ENV,ENV_CONFIG,16.0.69,ESC,BUSINESS,sources/BOther/source,DctLimitValidator.h
SC_060351,2011-10-26T08:22:49,ESC,ABC,undef,undef,I2_083400,undef,CLOSED,ENV,ENV_CONFIG,15.5.154.42,ESC,BUSINESS,sources/BManager/source,AirspaceManagerImpl.cpp
SC_059810,2011-09-12T12:53:51,ESC,ABC,undef,undef,I2_083023,undef,CLOSED,ENV,ENV_CONFIG,15.5.154.33,ESC,BUSINESS,sources/BOther/source,DctLimitValidator.cpp
SC_059810,2011-09-12T12:53:51,ESC,ABC,undef,undef,I2_083023,undef,CLOSED,ENV,ENV_CONFIG,16.0.36,ESC,BUSINESS,sources/BOther/source,DctLimitValidator.cpp
SC_059662,2011-08-31T08:11:04,ESC,ABC,undef,undef,I2_082941,undef,CLOSED,ENV,ENV_CONFIG,15.0.96.54,ESC,KERNEL,sources/States/source,RoutePortionState.cpp
SC_064012,2012-06-22T11:45:30,ESC,ABC,undef,undef,I2_086668,undef,CLOSED,ENV,ENV_CONFIG,16.5.127,ESC,KERNEL,sources/Persistence/source/server/business,Handle.cpp
SC_056796,2011-01-25T15:50:48,ESC,ABC,undef,CR_029967,undef,undef,CLOSED,ENV,ENV_CONFIG,15.5.19,ESC,BUSINESS,sources/BOther/source,Environment.cpp
SC_056796,2011-01-25T15:50:48,ESC,ABC,undef,CR_029967,undef,undef,CLOSED,ENV,ENV_CONFIG,15.5.20,ESC,BUSINESS,sources/BOther/source,Environment.cpp
SC_056796,2011-01-25T15:50:48,ESC,ABC,undef,CR_029967,undef,undef,CLOSED,ENV,ENV_CONFIG,15.5.19,ENV,ENV_CONFIG,sources/dbt,system_parameters.general.dbt
SC_056796,2011-01-25T15:50:48,ESC,ABC,undef,CR_029967,undef,undef,CLOSED,ENV,ENV_CONFIG,15.5.19,ESC,BUSINESS,sources/BOther/source,Environment.h
SC_058781,2011-06-09T09:07:58,ESC,ABC,undef,undef,I2_082167,undef,CLOSED,ENV,ENV_CONFIG,15.5.138,ESC,BUSINESS,sources/BManager/source,FlowRestrictionManagerImpl.cpp
SC_058781,2011-06-09T09:07:58,ESC,ABC,undef,undef,I2_082167,undef,CLOSED,ENV,ENV_CONFIG,15.5.137,ESC,BUSINESS,sources/BMandatoryValidation/source,VFlowRestriction.cpp
SC_058781,2011-06-09T09:07:58,ESC,ABC,undef,undef,I2_082167,undef,CLOSED,ENV,ENV_CONFIG,15.5.137,ESC,BUSINESS,sources/BManager/source,FlowRestrictionManagerImpl.cpp
SC_058781,2011-06-09T09:07:58,ESC,ABC,undef,undef,I2_082167,undef,CLOSED,ENV,ENV_CONFIG,15.5.141,ESC,BUSINESS,sources/BMandatoryValidation/source,VMFlowRestriction.cpp
SC_058781,2011-06-09T09:07:58,ESC,ABC,undef,undef,I2_082167,undef,CLOSED,ENV,ENV_CONFIG,15.5.141,ESC,BUSINESS,sources/BOther/source,RuleRSCrossBorderDctSegment.cpp
SC_063362,2012-06-04T09:39:33,ESC,ABC,undef,undef,I2_083028,undef,CLOSED,ENV,ENV_CONFIG,16.5.113,ESC,BUSINESS,sources/BMandatoryValidation/source,VMFlowRestriction.cpp
SC_063362,2012-06-04T09:39:33,ESC,ABC,undef,undef,I2_083028,undef,CLOSED,ENV,ENV_CONFIG,16.5.113,ESC,BUSINESS,sources/BOther/source,RuleRSFraCrossBorder.cpp
SC_063362,2012-06-04T09:39:33,ESC,ABC,undef,undef,I2_083028,undef,CLOSED,ENV,ENV_CONFIG,16.5.113,ESC,BUSINESS,sources/BMandatoryValidation/source,VFlowRestriction.cpp
SC_063362,2012-06-04T09:39:33,ESC,ABC,undef,undef,I2_083028,undef,CLOSED,ENV,ENV_CONFIG,16.5.113,ESC,BUSINESS,sources/BOther/source,RuleRSFraCrossBorder.h
SC_061864,2012-02-10T13:31:12,ESC,ABC,undef,undef,I2_084742,undef,CLOSED,ENV,ENV_CONFIG,16.0.108.1,ESC,KERNEL,sources/Infra/source,PV_AircraftTypeManager.cpp
SC_061864,2012-02-10T13:31:12,ESC,ABC,undef,undef,I2_084742,undef,CLOSED,ENV,ENV_CONFIG,16.0.107.28,ESC,KERNEL,sources/Airspaces/source,PV_UnitBaseManager.cpp
SC_061864,2012-02-10T13:31:12,ESC,ABC,undef,undef,I2_084742,undef,CLOSED,ENV,ENV_CONFIG,16.0.108.1,ESC,KERNEL,sources/Trafficvol/source,PV_ReferenceLocationManager.cpp
SC_061864,2012-02-10T13:31:12,ESC,ABC,undef,undef,I2_084742,undef,CLOSED,ENV,ENV_CONFIG,16.5.25,ESC,KERNEL,sources/Trafficvol/source,PV_ReferenceLocationManager.cpp
SC_061864,2012-02-10T13:31:12,ESC,ABC,undef,undef,I2_084742,undef,CLOSED,ENV,ENV_CONFIG,16.0.107.28,ESC,KERNEL,sources/Infra/source,PV_AircraftTypeManager.cpp
SC_061864,2012-02-10T13:31:12,ESC,ABC,undef,undef,I2_084742,undef,CLOSED,ENV,ENV_CONFIG,16.5.25,ESC,KERNEL,sources/Airspaces/source,PV_UnitBaseManager.cpp
SC_061864,2012-02-10T13:31:12,ESC,ABC,undef,undef,I2_084742,undef,CLOSED,ENV,ENV_CONFIG,16.5.25,ESC,KERNEL,sources/Infra/source,PV_ManagerBase.h
SC_061864,2012-02-10T13:31:12,ESC,ABC,undef,undef,I2_084742,undef,CLOSED,ENV,ENV_CONFIG,16.0.108.1,ESC,KERNEL,sources/Infra/source,PV_ManagerBase.h
SC_061864,2012-02-10T13:31:12,ESC,ABC,undef,undef,I2_084742,undef,CLOSED,ENV,ENV_CONFIG,16.5.25,ESC,KERNEL,sources/Airspaces/source,PV_AirspaceManager.cpp
SC_061864,2012-02-10T13:31:12,ESC,ABC,undef,undef,I2_084742,undef,CLOSED,ENV,ENV_CONFIG,16.5.57,ESC,KERNEL,sources/Infra/source,PV_AircraftTypeManager.cpp
SC_061864,2012-02-10T13:31:12,ESC,ABC,undef,undef,I2_084742,undef,CLOSED,ENV,ENV_CONFIG,16.5.25,ESC,KERNEL,sources/Infra/source,PV_AircraftTypeManager.cpp
SC_061864,2012-02-10T13:31:12,ESC,ABC,undef,undef,I2_084742,undef,CLOSED,ENV,ENV_CONFIG,16.0.107.28,ESC,KERNEL,sources/Infra/source,PV_ManagerBaseT.cpp
SC_061864,2012-02-10T13:31:12,ESC,ABC,undef,undef,I2_084742,undef,CLOSED,ENV,ENV_CONFIG,16.0.107.28,ESC,KERNEL,sources/Trafficvol/source,PV_ReferenceLocationManager.cpp
SC_061864,2012-02-10T13:31:12,ESC,ABC,undef,undef,I2_084742,undef,CLOSED,ENV,ENV_CONFIG,16.5.57,ESC,KERNEL,sources/Restrictions/source,PV_FlowRestrictionManager.cpp
SC_061864,2012-02-10T13:31:12,ESC,ABC,undef,undef,I2_084742,undef,CLOSED,ENV,ENV_CONFIG,16.0.108.1,ESC,KERNEL,sources/Airspaces/source,PV_AirspaceManager.cpp
SC_061864,2012-02-10T13:31:12,ESC,ABC,undef,undef,I2_084742,undef,CLOSED,ENV,ENV_CONFIG,16.0.107.28,ESC,KERNEL,sources/Restrictions/source,PV_FlowRestrictionManager.cpp
SC_061864,2012-02-10T13:31:12,ESC,ABC,undef,undef,I2_084742,undef,CLOSED,ENV,ENV_CONFIG,16.5.57,ESC,KERNEL,sources/Infra/source,PV_ManagerBase.h
SC_061864,2012-02-10T13:31:12,ESC,ABC,undef,undef,I2_084742,undef,CLOSED,ENV,ENV_CONFIG,16.5.57,ESC,KERNEL,sources/Trafficvol/source,PV_ReferenceLocationManager.cpp
SC_061864,2012-02-10T13:31:12,ESC,ABC,undef,undef,I2_084742,undef,CLOSED,ENV,ENV_CONFIG,16.5.57,ESC,KERNEL,sources/Infra/source,PV_ManagerBaseT.cpp
SC_061864,2012-02-10T13:31:12,ESC,ABC,undef,undef,I2_084742,undef,CLOSED,ENV,ENV_CONFIG,16.5.57,ESC,KERNEL,sources/Airspaces/source,PV_AirspaceManager.cpp
SC_061864,2012-02-10T13:31:12,ESC,ABC,undef,undef,I2_084742,undef,CLOSED,ENV,ENV_CONFIG,16.0.107.28,ESC,KERNEL,sources/Infra/source,PV_ManagerBase.h
SC_061864,2012-02-10T13:31:12,ESC,ABC,undef,undef,I2_084742,undef,CLOSED,ENV,ENV_CONFIG,16.0.108.1,ESC,KERNEL,sources/Restrictions/source,PV_FlowRestrictionManager.cpp
SC_061864,2012-02-10T13:31:12,ESC,ABC,undef,undef,I2_084742,undef,CLOSED,ENV,ENV_CONFIG,16.0.107.28,ESC,KERNEL,sources/Airspaces/source,PV_AirspaceManager.cpp
SC_061864,2012-02-10T13:31:12,ESC,ABC,undef,undef,I2_084742,undef,CLOSED,ENV,ENV_CONFIG,16.5.25,ESC,KERNEL,sources/Infra/source,PV_ManagerBaseT.cpp
SC_061864,2012-02-10T13:31:12,ESC,ABC,undef,undef,I2_084742,undef,CLOSED,ENV,ENV_CONFIG,16.0.108.1,ESC,KERNEL,sources/Airspaces/source,PV_UnitBaseManager.cpp
SC_061864,2012-02-10T13:31:12,ESC,ABC,undef,undef,I2_084742,undef,CLOSED,ENV,ENV_CONFIG,16.0.108.1,ESC,KERNEL,sources/Infra/source,PV_ManagerBaseT.cpp
SC_061864,2012-02-10T13:31:12,ESC,ABC,undef,undef,I2_084742,undef,CLOSED,ENV,ENV_CONFIG,16.5.25,ESC,KERNEL,sources/Restrictions/source,PV_FlowRestrictionManager.cpp
SC_060814,2011-12-02T13:03:25,ENV,ABC,undef,undef,I2_083876,undef,CLOSED,ENV,ENV_CONFIG,16.0.104,ESC,CLIENTADAPTER_B,sources/test/UsePlanClient/source,UsePlanClient.cpp
SC_060814,2011-12-02T13:03:25,ENV,ABC,undef,undef,I2_083876,undef,CLOSED,ENV,ENV_CONFIG,16.0.82.8,ESC,CLIENTADAPTER_B,sources/test/LiveUpdate/source,UnitUpdateTransform.cpp
SC_060814,2011-12-02T13:03:25,ENV,ABC,undef,undef,I2_083876,undef,CLOSED,ENV,ENV_CONFIG,16.0.82.8,ESC,CLIENTADAPTER_B,sources/test/UsePlanClient/source,UsePlanClient.cpp
SC_060814,2011-12-02T13:03:25,ENV,ABC,undef,undef,I2_083876,undef,CLOSED,ENV,ENV_CONFIG,16.0.106,ESC,CLIENTADAPTER_B,sources/test/LiveUpdate/source,TrafficVolumeUpdateTransform.h
SC_060814,2011-12-02T13:03:25,ENV,ABC,undef,undef,I2_083876,undef,CLOSED,ENV,ENV_CONFIG,16.0.82.13,ESC,BUSINESS,sources/BManager/source,ElementaryRsaManagerImpl.cpp
SC_060814,2011-12-02T13:03:25,ENV,ABC,undef,undef,I2_083876,undef,CLOSED,ENV,ENV_CONFIG,16.0.98,ESC,CLIENTADAPTER_B,sources/test/LiveUpdate/source,TrafficVolumeSetTransform.cpp
SC_060814,2011-12-02T13:03:25,ENV,ABC,undef,undef,I2_083876,undef,CLOSED,ENV,ENV_CONFIG,16.0.102,ESC,KERNEL,sources/Support/source,CacdUuid.cpp
SC_060814,2011-12-02T13:03:25,ENV,ABC,undef,undef,I2_083876,undef,CLOSED,ENV,ENV_CONFIG,16.0.98,ESC,CLIENTADAPTER_B,sources/test/LiveUpdate/source,RefLocUpdateTransform.cpp
SC_060814,2011-12-02T13:03:25,ENV,ABC,undef,undef,I2_083876,undef,CLOSED,ENV,ENV_CONFIG,16.0.98,ESC,CLIENTADAPTER_B,sources/test/LiveUpdate/source,UnitUpdateTransform.cpp
SC_060814,2011-12-02T13:03:25,ENV,ABC,undef,undef,I2_083876,undef,CLOSED,ENV,ENV_CONFIG,16.0.82.8,ESC,CLIENTADAPTER_B,sources/test/LiveUpdate/source,RefLocUpdateTransform.cpp
SC_060814,2011-12-02T13:03:25,ENV,ABC,undef,undef,I2_083876,undef,CLOSED,ENV,ENV_CONFIG,16.0.107,ENV,ENV_CONFIG,sources/application,ReplayMidrCram.pl
SC_060814,2011-12-02T13:03:25,ENV,ABC,undef,undef,I2_083876,undef,CLOSED,ENV,ENV_CONFIG,16.0.82.10,ESC,CLIENTADAPTER_B,sources/test/LiveUpdate/source,LiveUpdateTransform.cpp
SC_060814,2011-12-02T13:03:25,ENV,ABC,undef,undef,I2_083876,undef,CLOSED,ENV,ENV_CONFIG,16.0.102,ESC,CLIENTADAPTER_B,sources/test/LiveUpdate/source,LiveUpdateTransform.cpp
SC_060814,2011-12-02T13:03:25,ENV,ABC,undef,undef,I2_083876,undef,CLOSED,ENV,ENV_CONFIG,16.0.82.8,ESC,CLIENTADAPTER_B,sources/test/LiveUpdate/source,RestrictionUpdateTransform.cpp
SC_060814,2011-12-02T13:03:25,ENV,ABC,undef,undef,I2_083876,undef,CLOSED,ENV,ENV_CONFIG,16.0.98,ESC,CLIENTADAPTER_B,sources/test/LiveUpdate/source,RouteUpdateTransform.cpp
SC_060814,2011-12-02T13:03:25,ENV,ABC,undef,undef,I2_083876,undef,CLOSED,ENV,ENV_CONFIG,16.0.104,ESC,BUSINESS,sources/BManager/source,ElementaryRsaManagerImpl.cpp
SC_060814,2011-12-02T13:03:25,ENV,ABC,undef,undef,I2_083876,undef,CLOSED,ENV,ENV_CONFIG,16.0.98,ESC,CLIENTADAPTER_B,sources/test/LiveUpdate/source,LiveUpdateTransform.cpp
SC_060814,2011-12-02T13:03:25,ENV,ABC,undef,undef,I2_083876,undef,CLOSED,ENV,ENV_CONFIG,16.0.82.8,ESC,CLIENTADAPTER_B,sources/test/LiveUpdate/source,FlowUpdateTransform.cpp
SC_060814,2011-12-02T13:03:25,ENV,ABC,undef,undef,I2_083876,undef,CLOSED,ENV,ENV_CONFIG,16.0.102,ESC,DATALOAD,sources/DAReporter/source,DepAppReporter.cpp
SC_060814,2011-12-02T13:03:25,ENV,ABC,undef,undef,I2_083876,undef,CLOSED,ENV,ENV_CONFIG,16.0.98,ESC,CLIENTADAPTER_B,sources/test/UsePlanClient/source,UsePlanClient.h
SC_060814,2011-12-02T13:03:25,ENV,ABC,undef,undef,I2_083876,undef,CLOSED,ENV,ENV_CONFIG,16.0.98,ESC,CLIENTADAPTER_B,sources/test/LiveUpdate/source,FlowUpdateTransform.cpp
SC_060814,2011-12-02T13:03:25,ENV,ABC,undef,undef,I2_083876,undef,CLOSED,ENV,ENV_CONFIG,16.0.82.13,ESC,CLIENTADAPTER_B,sources/test/UsePlanClient/source,UsePlanClient.cpp
SC_060814,2011-12-02T13:03:25,ENV,ABC,undef,undef,I2_083876,undef,CLOSED,ENV,ENV_CONFIG,16.0.82.8,ESC,CLIENTADAPTER_B,sources/test/LiveUpdate/source,TrafficVolumeUpdateTransform.cpp
SC_060814,2011-12-02T13:03:25,ENV,ABC,undef,undef,I2_083876,undef,CLOSED,ENV,ENV_CONFIG,16.0.102,ESC,BUSINESS,sources/BCiam/source,AbstractUpdater.cpp
SC_060814,2011-12-02T13:03:25,ENV,ABC,undef,undef,I2_083876,undef,CLOSED,ENV,ENV_CONFIG,16.0.82.8,ESC,BUSINESS,sources/BCiam/source,AupValidation.cpp
SC_060814,2011-12-02T13:03:25,ENV,ABC,undef,undef,I2_083876,undef,CLOSED,ENV,ENV_CONFIG,16.0.106,ESC,CLIENTADAPTER_B,sources/test/LiveUpdate/source,TrafficVolumeUpdateTransform.cpp
SC_060814,2011-12-02T13:03:25,ENV,ABC,undef,undef,I2_083876,undef,CLOSED,ENV,ENV_CONFIG,16.0.98,ESC,BUSINESS,sources/BCiam/source,AupValidation.cpp
SC_060814,2011-12-02T13:03:25,ENV,ABC,undef,undef,I2_083876,undef,CLOSED,ENV,ENV_CONFIG,16.0.102,ESC,CLIENTADAPTER,sources/source,Adaptor.cpp
SC_060814,2011-12-02T13:03:25,ENV,ABC,undef,undef,I2_083876,undef,CLOSED,ENV,ENV_CONFIG,16.0.98,ESC,CLIENTADAPTER_B,sources/test/LiveUpdate/source,RestrictionUpdateTransform.cpp
SC_060814,2011-12-02T13:03:25,ENV,ABC,undef,undef,I2_083876,undef,CLOSED,ENV,ENV_CONFIG,16.0.98,ESC,CLIENTADAPTER_B,sources/test/LiveUpdate/source,TrafficVolumeUpdateTransform.cpp
SC_060814,2011-12-02T13:03:25,ENV,ABC,undef,undef,I2_083876,undef,CLOSED,ENV,ENV_CONFIG,16.0.98,ESC,CLIENTADAPTER_B,sources/test/UsePlanClient/source,UsePlanClient.cpp
SC_060814,2011-12-02T13:03:25,ENV,ABC,undef,undef,I2_083876,undef,CLOSED,ENV,ENV_CONFIG,16.0.98,ENV,ENV_CONFIG,sources/application,ReplayMidrCram.pl
SC_060814,2011-12-02T13:03:25,ENV,ABC,undef,undef,I2_083876,undef,CLOSED,ENV,ENV_CONFIG,16.0.82.8,ESC,CLIENTADAPTER_B,sources/test/LiveUpdate/source,LiveUpdateTransform.cpp
SC_060814,2011-12-02T13:03:25,ENV,ABC,undef,undef,I2_083876,undef,CLOSED,ENV,ENV_CONFIG,16.0.82.10,ESC,KERNEL,sources/Support/source,CacdUuid.cpp
SC_060814,2011-12-02T13:03:25,ENV,ABC,undef,undef,I2_083876,undef,CLOSED,ENV,ENV_CONFIG,16.0.82.13,ENV,ENV_CONFIG,sources/application,ReplayMidrCram.pl
SC_060814,2011-12-02T13:03:25,ENV,ABC,undef,undef,I2_083876,undef,CLOSED,ENV,ENV_CONFIG,16.0.98,ESC,CLIENTADAPTER_B,sources/test/LiveUpdate/source,SetOfAerodromesUpdateTransform.cpp
SC_060814,2011-12-02T13:03:25,ENV,ABC,undef,undef,I2_083876,undef,CLOSED,ENV,ENV_CONFIG,16.0.82.10,ESC,CLIENTADAPTER,sources/source,Adaptor.cpp
SC_060814,2011-12-02T13:03:25,ENV,ABC,undef,undef,I2_083876,undef,CLOSED,ENV,ENV_CONFIG,16.0.82.10,ESC,DATALOAD,sources/DAReporter/source,DepAppReporter.cpp
SC_060814,2011-12-02T13:03:25,ENV,ABC,undef,undef,I2_083876,undef,CLOSED,ENV,ENV_CONFIG,16.0.104,ENV,ENV_CONFIG,sources/application,ReplayMidrCram.pl
SC_060814,2011-12-02T13:03:25,ENV,ABC,undef,undef,I2_083876,undef,CLOSED,ENV,ENV_CONFIG,16.0.82.8,ESC,CLIENTADAPTER_B,sources/test/LiveUpdate/source,RouteUpdateTransform.cpp
SC_060814,2011-12-02T13:03:25,ENV,ABC,undef,undef,I2_083876,undef,CLOSED,ENV,ENV_CONFIG,16.0.82.10,ESC,BUSINESS,sources/BCiam/source,AbstractUpdater.cpp
SC_060814,2011-12-02T13:03:25,ENV,ABC,undef,undef,I2_083876,undef,CLOSED,ENV,ENV_CONFIG,16.0.82.8,ENV,ENV_CONFIG,sources/application,ReplayMidrCram.pl
SC_060814,2011-12-02T13:03:25,ENV,ABC,undef,undef,I2_083876,undef,CLOSED,ENV,ENV_CONFIG,16.0.82.8,ESC,CLIENTADAPTER_B,sources/test/LiveUpdate/source,LiveUpdateTransform.h
SC_060814,2011-12-02T13:03:25,ENV,ABC,undef,undef,I2_083876,undef,CLOSED,ENV,ENV_CONFIG,16.0.82.8,ESC,CLIENTADAPTER_B,sources/test/LiveUpdate/source,TrafficVolumeSetTransform.cpp
SC_060814,2011-12-02T13:03:25,ENV,ABC,undef,undef,I2_083876,undef,CLOSED,ENV,ENV_CONFIG,16.0.106,ESC,BUSINESS,sources/BOther/source,RuleRSOverlappingDctLimitsOnAirspaces.h
SC_060814,2011-12-02T13:03:25,ENV,ABC,undef,undef,I2_083876,undef,CLOSED,ENV,ENV_CONFIG,16.0.106,ESC,BUSINESS,sources/BOther/source,RuleRSOverlappingDctLimitsOnAirspaces.cpp
SC_060814,2011-12-02T13:03:25,ENV,ABC,undef,undef,I2_083876,undef,CLOSED,ENV,ENV_CONFIG,16.0.82.8,ESC,CLIENTADAPTER_B,sources/test/LiveUpdate/source,SetOfAerodromesUpdateTransform.cpp
SC_060814,2011-12-02T13:03:25,ENV,ABC,undef,undef,I2_083876,undef,CLOSED,ENV,ENV_CONFIG,16.0.82.8,ESC,CLIENTADAPTER_B,sources/test/UsePlanClient/source,UsePlanClient.h
SC_060814,2011-12-02T13:03:25,ENV,ABC,undef,undef,I2_083876,undef,CLOSED,ENV,ENV_CONFIG,16.0.82.10,ESC,BUSINESS,sources/BCiam/source,AupValidation.cpp
SC_060814,2011-12-02T13:03:25,ENV,ABC,undef,undef,I2_083876,undef,CLOSED,ENV,ENV_CONFIG,16.0.107,ESC,CLIENTADAPTER_B,sources/test/UsePlanClient/source,UsePlanClient.cpp
SC_060814,2011-12-02T13:03:25,ENV,ABC,undef,undef,I2_083876,undef,CLOSED,ENV,ENV_CONFIG,16.0.102,ESC,BUSINESS,sources/BCiam/source,AupValidation.cpp
SC_060814,2011-12-02T13:03:25,ENV,ABC,undef,undef,I2_083876,undef,CLOSED,ENV,ENV_CONFIG,16.0.98,ESC,CLIENTADAPTER_B,sources/test/LiveUpdate/source,LiveUpdateTransform.h
SC_057849,2011-04-01T09:41:37,ESC,ABC,undef,undef,I2_081659,undef,CLOSED,ENV,ENV_CONFIG,15.5.72,ESC,BUSINESS,sources/BCiam/source,UupManager.cpp
SC_057849,2011-04-01T09:41:37,ESC,ABC,undef,undef,I2_081659,undef,CLOSED,ENV,ENV_CONFIG,15.5.72,ESC,BUSINESS,sources/BCiam/source,UupManager.h
SC_058927,2011-06-23T14:27:19,ESC,ABC,undef,undef,I2_082408,undef,CLOSED,ENV,ENV_CONFIG,15.5.147,ESC,BUSINESS,sources/BOther/source,migrateCrossDCTJob.h
SC_058927,2011-06-23T14:27:19,ESC,ABC,undef,undef,I2_082408,undef,CLOSED,ENV,ENV_CONFIG,15.5.146,ESC,BUSINESS,sources/BOther/source,DctLimitValidator.cpp
SC_058927,2011-06-23T14:27:19,ESC,ABC,undef,undef,I2_082408,undef,CLOSED,ENV,ENV_CONFIG,15.5.147,ESC,BUSINESS,sources/BOther/source,migrateCrossDCTJob.cpp
SC_058927,2011-06-23T14:27:19,ESC,ABC,undef,undef,I2_082408,undef,CLOSED,ENV,ENV_CONFIG,15.5.146,ESC,BUSINESS,sources/BOther/source,DctLimitValidator.h
SC_061406,2012-01-18T12:59:25,ESC,ABC,undef,undef,I2_084297,undef,CLOSED,ENV,ENV_CONFIG,16.0.108.1,ESC,KERNEL,sources/States/source,EBESpecification.cpp
SC_061406,2012-01-18T12:59:25,ESC,ABC,undef,undef,I2_084297,undef,CLOSED,ENV,ENV_CONFIG,16.5.13,ESC,KERNEL,sources/States/source,EBESpecification.cpp
SC_061406,2012-01-18T12:59:25,ESC,ABC,undef,undef,I2_084297,undef,CLOSED,ENV,ENV_CONFIG,16.0.107.16,ESC,KERNEL,sources/States/source,EBESpecification.cpp
SC_061406,2012-01-18T12:59:25,ESC,ABC,undef,undef,I2_084297,undef,CLOSED,ENV,ENV_CONFIG,16.5.57,ESC,KERNEL,sources/States/source,EBESpecification.cpp
SC_058780,2011-06-09T09:07:03,ESC,ABC,undef,undef,I2_082229,undef,CLOSED,ENV,ENV_CONFIG,15.5.137,ESC,BUSINESS,sources/BOther/source,RuleRSCrossBorderDctSegment.h
SC_058780,2011-06-09T09:07:03,ESC,ABC,undef,undef,I2_082229,undef,CLOSED,ENV,ENV_CONFIG,15.5.137,ESC,KERNEL,sources/Geometry/source,AirspaceSetPartition.cpp
SC_058780,2011-06-09T09:07:03,ESC,ABC,undef,undef,I2_082229,undef,CLOSED,ENV,ENV_CONFIG,15.5.137,ESC,BUSINESS,sources/BOther/source,RuleRSCrossBorderDctSegment.cpp
SC_058396,2011-05-12T07:09:11,ESC,ABC,undef,undef,I2_082014,undef,CLOSED,ENV,ENV_CONFIG,15.5.109,ESC,BUSINESS,sources/BMandatoryValidation/source,VMErrorRestriction.cpp
SC_058396,2011-05-12T07:09:11,ESC,ABC,undef,undef,I2_082014,undef,CLOSED,ENV,ENV_CONFIG,15.5.109,ESC,BUSINESS,sources/BMandatoryValidation/source,VFlowRestriction.cpp
SC_058396,2011-05-12T07:09:11,ESC,ABC,undef,undef,I2_082014,undef,CLOSED,ENV,ENV_CONFIG,15.5.109,ESC,BUSINESS,sources/BMandatoryValidation/source,VMErrorRestriction.h
SC_058396,2011-05-12T07:09:11,ESC,ABC,undef,undef,I2_082014,undef,CLOSED,ENV,ENV_CONFIG,15.5.109,ESC,BUSINESS,sources/BMandatoryValidation/source,VFlowRestriction.h
SC_058793,2011-06-09T13:03:37,ESC,ABC,undef,undef,I2_082021,undef,CLOSED,ENV,ENV_CONFIG,15.5.137,ESC,BUSINESS,sources/BOther/source,DctLimitValidator.cpp
SC_057681,2011-03-23T11:14:20,ESC,ABC,undef,undef,I2_081492,undef,CLOSED,ENV,ENV_CONFIG,15.5.64,ESC,BUSINESS,sources/BManager/source,ReferenceLocationManagerImpl.cpp
SC_057681,2011-03-23T11:14:20,ESC,ABC,undef,undef,I2_081492,undef,CLOSED,ENV,ENV_CONFIG,15.0.96.41,ESC,BUSINESS,sources/BManager/source,ReferenceLocationManagerImpl.cpp
SC_058016,2011-04-13T08:43:36,ESC,ABC,undef,undef,I2_081779,undef,CLOSED,ENV,ENV_CONFIG,15.5.82,ESC,BUSINESS,sources/BMandatoryValidation/source,VMErrorRestriction.cpp
SC_058895,2011-06-22T07:24:03,ESC,ABC,undef,undef,I2_082372,undef,CLOSED,ENV,ENV_CONFIG,15.5.145,ESC,BUSINESS,sources/BOther/source,RuleRSCrossBorderDctSegment.cpp
SC_058895,2011-06-22T07:24:03,ESC,ABC,undef,undef,I2_082372,undef,CLOSED,ENV,ENV_CONFIG,15.5.145,ESC,BUSINESS,sources/BOther/source,RuleRSCrossBorderDctSegment.h
SC_058895,2011-06-22T07:24:03,ESC,ABC,undef,undef,I2_082372,undef,CLOSED,ENV,ENV_CONFIG,15.5.145,ESC,BUSINESS,sources/BManager/source,FlowRestrictionManagerImpl.cpp
SC_060390,2011-10-27T14:31:55,ESC,ABC,undef,undef,I2_083502,undef,CLOSED,ENV,ENV_CONFIG,16.0.69,ESC,BUSINESS,sources/BOther/source,RuleRSDctOverlapNasOrIr.cpp
SC_060390,2011-10-27T14:31:55,ESC,ABC,undef,undef,I2_083502,undef,CLOSED,ENV,ENV_CONFIG,15.5.154.42,ESC,BUSINESS,sources/BOther/source,RuleRSDctOverlapNasOrIr.cpp
SC_059411,2011-08-08T13:43:07,ESC,ABC,undef,undef,I2_082793,undef,CLOSED,ENV,ENV_CONFIG,16.0.15,ESC,BUSINESS,sources/BOther/source,RuleRSOverlappingDctLimitsOnAirspaces.h
SC_059411,2011-08-08T13:43:07,ESC,ABC,undef,undef,I2_082793,undef,CLOSED,ENV,ENV_CONFIG,15.5.154.22,ESC,BUSINESS,sources/BOther/source,RuleRSOverlappingDctLimitsOnAirspaces.h
SC_059411,2011-08-08T13:43:07,ESC,ABC,undef,undef,I2_082793,undef,CLOSED,ENV,ENV_CONFIG,15.5.154.23,ESC,BUSINESS,sources/BOther/source,RuleRSOverlappingDctLimitsOnAirspaces.h
SC_059411,2011-08-08T13:43:07,ESC,ABC,undef,undef,I2_082793,undef,CLOSED,ENV,ENV_CONFIG,15.5.154.22,ESC,BUSINESS,sources/BOther/source,RuleRSOverlappingDctLimitsOnAirspaces.cpp
SC_059411,2011-08-08T13:43:07,ESC,ABC,undef,undef,I2_082793,undef,CLOSED,ENV,ENV_CONFIG,16.0.15,ESC,BUSINESS,sources/BOther/source,RuleRSOverlappingDctLimitsOnAirspaces.cpp
SC_059411,2011-08-08T13:43:07,ESC,ABC,undef,undef,I2_082793,undef,CLOSED,ENV,ENV_CONFIG,15.5.154.23,ESC,BUSINESS,sources/BOther/source,RuleRSOverlappingDctLimitsOnAirspaces.cpp
SC_060528,2011-11-10T13:46:04,ENV,ABC,undef,CR_033171,undef,undef,CLOSED,ENV,ENV_CONFIG,17.0.64,ESC,KERNEL,sources/Infra/source,TransactionManager.cpp
SC_060528,2011-11-10T13:46:04,ENV,ABC,undef,CR_033171,undef,undef,CLOSED,ENV,ENV_CONFIG,17.0.64,ESC,KERNEL,sources/Infra/source,KernelManagerBackPointers.cpp
SC_060528,2011-11-10T13:46:04,ENV,ABC,undef,CR_033171,undef,undef,CLOSED,ENV,ENV_CONFIG,16.5.139.2,ESC,KERNEL,sources/Infra/source,TransactionManager.cpp
SC_060528,2011-11-10T13:46:04,ENV,ABC,undef,CR_033171,undef,undef,CLOSED,ENV,ENV_CONFIG,17.0.64,ESC,KERNEL,sources/Infra/source,DataReleaseManager.h
SC_060528,2011-11-10T13:46:04,ENV,ABC,undef,CR_033171,undef,undef,CLOSED,ENV,ENV_CONFIG,16.5.139.2,ESC,BUSINESS,sources/BOther/source,Environment.h
SC_060528,2011-11-10T13:46:04,ENV,ABC,undef,CR_033171,undef,undef,CLOSED,ENV,ENV_CONFIG,16.5.139.2,ESC,KERNEL,sources/Infra/source,DataReleaseManager.cpp
SC_060528,2011-11-10T13:46:04,ENV,ABC,undef,CR_033171,undef,undef,CLOSED,ENV,ENV_CONFIG,16.5.139.2,ESC,KERNEL,sources/Persistence/source/server/business,DataRelease.cpp
SC_060528,2011-11-10T13:46:04,ENV,ABC,undef,CR_033171,undef,undef,CLOSED,ENV,ENV_CONFIG,17.0.64,ESC,KERNEL,sources/Infra/source,TransactionManager.h
SC_060528,2011-11-10T13:46:04,ENV,ABC,undef,CR_033171,undef,undef,CLOSED,ENV,ENV_CONFIG,16.5.139.2,ESC,KERNEL,sources/Infra/source,KernelManager.cpp
SC_060528,2011-11-10T13:46:04,ENV,ABC,undef,CR_033171,undef,undef,CLOSED,ENV,ENV_CONFIG,16.5.139.2,ESC,BUSINESS,sources/BOther/source,Environment.cpp
SC_060528,2011-11-10T13:46:04,ENV,ABC,undef,CR_033171,undef,undef,CLOSED,ENV,ENV_CONFIG,16.5.139.2,ESC,KERNEL,sources/Persistence/source/server/business,Handle.cpp
SC_060528,2011-11-10T13:46:04,ENV,ABC,undef,CR_033171,undef,undef,CLOSED,ENV,ENV_CONFIG,16.0.80,ENV,ENV_CONFIG,sources/application,cramClient.ksh
SC_060528,2011-11-10T13:46:04,ENV,ABC,undef,CR_033171,undef,undef,CLOSED,ENV,ENV_CONFIG,16.5.139.2,ESC,KERNEL,sources/Infra/source,TransactionManager.h
SC_060528,2011-11-10T13:46:04,ENV,ABC,undef,CR_033171,undef,undef,CLOSED,ENV,ENV_CONFIG,16.0.80,ENV,ENV_CONFIG,sources/application,undef
SC_060528,2011-11-10T13:46:04,ENV,ABC,undef,CR_033171,undef,undef,CLOSED,ENV,ENV_CONFIG,16.5.139.2,ESC,KERNEL,sources/Persistence/source/server/business,Handle.hh
SC_060528,2011-11-10T13:46:04,ENV,ABC,undef,CR_033171,undef,undef,CLOSED,ENV,ENV_CONFIG,16.5.139.2,ESC,KERNEL,sources/Infra/source,KernelManagerBackPointers.cpp
SC_060528,2011-11-10T13:46:04,ENV,ABC,undef,CR_033171,undef,undef,CLOSED,ENV,ENV_CONFIG,16.5.139.2,ESC,KERNEL,sources/Infra/source,DataReleaseManager.h
SC_060528,2011-11-10T13:46:04,ENV,ABC,undef,CR_033171,undef,undef,CLOSED,ENV,ENV_CONFIG,16.0.80,ENV,ENV_CONFIG,sources/application,UsePlanClientWrapper.ksh
SC_060528,2011-11-10T13:46:04,ENV,ABC,undef,CR_033171,undef,undef,CLOSED,ENV,ENV_CONFIG,17.0.64,ESC,KERNEL,sources/Infra/source,KernelManager.cpp
SC_056458,2011-01-10T14:15:18,ENV,ABC,undef,undef,I2_080436,undef,CLOSED,ENV,ENV_CONFIG,15.5.18,ESC,CLIENTADAPTER_B,sources/test/LiveUpdate/source,RefLocUpdateTransform.cpp
SC_056458,2011-01-10T14:15:18,ENV,ABC,undef,undef,I2_080436,undef,CLOSED,ENV,ENV_CONFIG,15.0.96.15,ESC,CLIENTADAPTER_B,sources/test/LiveUpdate/source,RefLocUpdateTransform.cpp
SC_058152,2011-04-26T10:03:33,ESC,ABC,undef,undef,I2_081888,undef,CLOSED,ENV,ENV_CONFIG,15.5.90,ESC,BUSINESS,sources/BOther/source,DctLimitValidator.cpp
SC_058436,2011-05-16T07:50:23,ESC,ABC,undef,undef,I2_082067,undef,CLOSED,ENV,ENV_CONFIG,15.5.112,ESC,BUSINESS,sources/BOther/source,DctLimitValidator.cpp
SC_058436,2011-05-16T07:50:23,ESC,ABC,undef,undef,I2_082067,undef,CLOSED,ENV,ENV_CONFIG,15.5.112,ESC,BUSINESS,sources/BOther/source,DctLimitValidator.h
SC_058436,2011-05-16T07:50:23,ESC,ABC,undef,undef,I2_082067,undef,CLOSED,ENV,ENV_CONFIG,15.5.112,ESC,BUSINESS,sources/BObject/source,FlowRestriction.cpp
SC_058858,2011-06-17T08:18:25,ESC,ABC,undef,undef,I2_082280,undef,CLOSED,ENV,ENV_CONFIG,15.5.143,ESC,BUSINESS,sources/BOther/source,RuleRSCrossBorderDctSegment.cpp
SC_058397,2011-05-12T07:14:08,ESC,ABC,undef,undef,I2_081908,undef,CLOSED,ENV,ENV_CONFIG,15.5.109,ESC,CLIENTADAPTER,sources/source,EnvFlowRestrictionServiceMapper.cpp
SC_058397,2011-05-12T07:14:08,ESC,ABC,undef,undef,I2_081908,undef,CLOSED,ENV,ENV_CONFIG,15.5.109,ESC,BUSINESS,sources/BObject/source,FlowRestriction.cpp
SC_058397,2011-05-12T07:14:08,ESC,ABC,undef,undef,I2_081908,undef,CLOSED,ENV,ENV_CONFIG,15.5.109,ESC,BUSINESS,sources/BObject/source,FlowRestriction.h
SC_060303,2011-10-21T11:52:04,ESC,ABC,undef,undef,I2_083414,undef,CLOSED,ENV,ENV_CONFIG,16.0.64,ESC,BUSINESS,sources/BMandatoryValidation/source,VTrafficVolume.cpp
SC_060303,2011-10-21T11:52:04,ESC,ABC,undef,undef,I2_083414,undef,CLOSED,ENV,ENV_CONFIG,15.5.154.41,ESC,BUSINESS,sources/BMandatoryValidation/source,VTrafficVolume.cpp
SC_065189,2012-09-07T09:00:35,ESC,ABC,GDR,undef,undef,undef,CLOSED,ENV,ENV_CONFIG,17.0.36,ESC,BUSINESS,sources/BOther/source,HSPTTrafficFlowValidator.cpp
SC_065189,2012-09-07T09:00:35,ESC,ABC,GDR,undef,undef,undef,CLOSED,ENV,ENV_CONFIG,17.0.63,ESC,BUSINESS,sources/BManager/source,DeltaDataManager.cpp
SC_065189,2012-09-07T09:00:35,ESC,ABC,GDR,undef,undef,undef,CLOSED,ENV,ENV_CONFIG,17.0.63,ESC,BUSINESS,sources/source,MergeDeltaDataDistributor.h
SC_065189,2012-09-07T09:00:35,ESC,ABC,GDR,undef,undef,undef,CLOSED,ENV,ENV_CONFIG,17.0.63,ESC,BUSINESS,sources/source,CollectDeltaDataDistributor.cpp
SC_065189,2012-09-07T09:00:35,ESC,ABC,GDR,undef,undef,undef,CLOSED,ENV,ENV_CONFIG,17.0.63,ESC,BUSINESS,sources/source,MergeDeltaDataDistributor.cpp
SC_065189,2012-09-07T09:00:35,ESC,ABC,GDR,undef,undef,undef,CLOSED,ENV,ENV_CONFIG,17.0.63,ESC,BUSINESS,sources/source,MergeDeltaDataParams.h
SC_065189,2012-09-07T09:00:35,ESC,ABC,GDR,undef,undef,undef,CLOSED,ENV,ENV_CONFIG,17.0.63,ESC,BUSINESS,sources/source,MergeDeltaDataParams.cpp
SC_065189,2012-09-07T09:00:35,ESC,ABC,GDR,undef,undef,undef,CLOSED,ENV,ENV_CONFIG,17.0.63,ESC,BUSINESS,sources/source,CollectDeltaDataDistributor.h
SC_065189,2012-09-07T09:00:35,ESC,ABC,GDR,undef,undef,undef,CLOSED,ENV,ENV_CONFIG,17.0.36,ESC,KERNEL_H,sources/source,DependentApplicabilityState.h
SC_065189,2012-09-07T09:00:35,ESC,ABC,GDR,undef,undef,undef,CLOSED,ENV,ENV_CONFIG,17.0.63,ESC,BUSINESS,sources/source,undef
SC_058526,2011-05-19T10:19:40,ESC,ABC,undef,undef,I2_082033,undef,CLOSED,ENV,ENV_CONFIG,15.5.115,ESC,BUSINESS,sources/BManager/source,FlowRestrictionManagerImpl.cpp
SC_062549,2012-03-23T13:11:26,ESC,ABC,undef,undef,I2_083084,undef,CLOSED,ENV,ENV_CONFIG,16.5.64,ESC,BUSINESS,sources/BOther/source,DctLimitValidator.cpp
SC_061385,2012-01-17T14:43:00,ESC,ABC,undef,undef,I2_083133,undef,CLOSED,ENV,ENV_CONFIG,16.5.13,ESC,BUSINESS,sources/BOther/source,DctLimitValidator.h
SC_061385,2012-01-17T14:43:00,ESC,ABC,undef,undef,I2_083133,undef,CLOSED,ENV,ENV_CONFIG,16.0.107.16,ESC,BUSINESS,sources/BOther/source,DctLimitValidator.cpp
SC_061385,2012-01-17T14:43:00,ESC,ABC,undef,undef,I2_083133,undef,CLOSED,ENV,ENV_CONFIG,16.5.13,ESC,BUSINESS,sources/BOther/source,DctLimitValidator.cpp
SC_061385,2012-01-17T14:43:00,ESC,ABC,undef,undef,I2_083133,undef,CLOSED,ENV,ENV_CONFIG,16.0.108.1,ESC,BUSINESS,sources/BOther/source,DctLimitValidator.h
SC_061385,2012-01-17T14:43:00,ESC,ABC,undef,undef,I2_083133,undef,CLOSED,ENV,ENV_CONFIG,16.0.108.1,ESC,BUSINESS,sources/BOther/source,DctLimitValidator.cpp
SC_061385,2012-01-17T14:43:00,ESC,ABC,undef,undef,I2_083133,undef,CLOSED,ENV,ENV_CONFIG,16.0.107.16,ESC,BUSINESS,sources/BOther/source,DctLimitValidator.h
SC_057137,2011-02-14T14:12:30,ESC,ABC,undef,CR_029967,undef,undef,CLOSED,ENV,ENV_CONFIG,15.5.29,ESC,BUSINESS,sources/BOther/source,DctLimitValidator.cpp
SC_057137,2011-02-14T14:12:30,ESC,ABC,undef,CR_029967,undef,undef,CLOSED,ENV,ENV_CONFIG,15.5.64,ESC,BUSINESS,sources/BOther/source,DctLimitValidator.h
SC_057137,2011-02-14T14:12:30,ESC,ABC,undef,CR_029967,undef,undef,CLOSED,ENV,ENV_CONFIG,15.5.64,ESC,BUSINESS,sources/BOther/source,DctLimitValidator.cpp
SC_060803,2011-12-01T14:32:45,ESC,ABC,undef,undef,I2_083785,undef,CLOSED,ENV,ENV_CONFIG,16.0.82.8,ESC,BUSINESS,sources/BCiam/source,AbstractUpdater.h
SC_060803,2011-12-01T14:32:45,ESC,ABC,undef,undef,I2_083785,undef,CLOSED,ENV,ENV_CONFIG,16.0.98,ESC,BUSINESS,sources/BCiam/source,RouteCdrUpdater.h
SC_060803,2011-12-01T14:32:45,ESC,ABC,undef,undef,I2_083785,undef,CLOSED,ENV,ENV_CONFIG,16.0.98,ESC,BUSINESS,sources/BCiam/source,AbstractUpdater.h
SC_060803,2011-12-01T14:32:45,ESC,ABC,undef,undef,I2_083785,undef,CLOSED,ENV,ENV_CONFIG,16.0.82.8,ESC,BUSINESS,sources/BCiam/source,RouteCdrUpdater.cpp
SC_060803,2011-12-01T14:32:45,ESC,ABC,undef,undef,I2_083785,undef,CLOSED,ENV,ENV_CONFIG,16.0.82.8,ESC,BUSINESS,sources/BCiam/source,AbstractUpdater.cpp
SC_060803,2011-12-01T14:32:45,ESC,ABC,undef,undef,I2_083785,undef,CLOSED,ENV,ENV_CONFIG,16.0.82.8,ESC,BUSINESS,sources/BCiam/source,RouteCdrUpdater.h
SC_060803,2011-12-01T14:32:45,ESC,ABC,undef,undef,I2_083785,undef,CLOSED,ENV,ENV_CONFIG,16.0.98,ESC,BUSINESS,sources/BCiam/source,RouteCdrUpdater.cpp
SC_060803,2011-12-01T14:32:45,ESC,ABC,undef,undef,I2_083785,undef,CLOSED,ENV,ENV_CONFIG,16.0.98,ESC,BUSINESS,sources/BCiam/source,AbstractUpdater.cpp
SC_065266,2012-09-14T06:59:32,ENV,ABC,ABC,CR_034439,undef,undef,CLOSED,ENV,ENV_CONFIG,17.0.55,ESC,CLIENTADAPTER_C,sources/test/GetUniqueId/source,undef
SC_065266,2012-09-14T06:59:32,ENV,ABC,ABC,CR_034439,undef,undef,CLOSED,ENV,ENV_CONFIG,16.5.136.33,ESC,CLIENTADAPTER_C,sources/test/GetUniqueId/source,GetUniqueIds.h
SC_065266,2012-09-14T06:59:32,ENV,ABC,ABC,CR_034439,undef,undef,CLOSED,ENV,ENV_CONFIG,17.0.55,ESC,CLIENTADAPTER_C,sources,Makefile
SC_065266,2012-09-14T06:59:32,ENV,ABC,ABC,CR_034439,undef,undef,CLOSED,ENV,ENV_CONFIG,17.0.55,ESC,CLIENTADAPTER_C,sources/test/GetUniqueId,undef
SC_065266,2012-09-14T06:59:32,ENV,ABC,ABC,CR_034439,undef,undef,CLOSED,ENV,ENV_CONFIG,17.0.55,ENV,ENV_CONFIG,sources/application,updateRestrictions.ksh
SC_065266,2012-09-14T06:59:32,ENV,ABC,ABC,CR_034439,undef,undef,CLOSED,ENV,ENV_CONFIG,17.0.55,ESC,CLIENTADAPTER_C,sources/test/GetUniqueId/source,GetUniqueIds_p.cpp
SC_065266,2012-09-14T06:59:32,ENV,ABC,ABC,CR_034439,undef,undef,CLOSED,ENV,ENV_CONFIG,16.5.136.33,ENV,ENV_CONFIG,sources/application,updateRestrictions.ksh
SC_065266,2012-09-14T06:59:32,ENV,ABC,ABC,CR_034439,undef,undef,CLOSED,ENV,ENV_CONFIG,16.5.136.33,ESC,CLIENTADAPTER_C,sources/test/GetUniqueId/source,GetUniqueIds_p.cpp
SC_065266,2012-09-14T06:59:32,ENV,ABC,ABC,CR_034439,undef,undef,CLOSED,ENV,ENV_CONFIG,16.5.136.33,ESC,CLIENTADAPTER_C,sources/test,GetUniqueId
SC_065266,2012-09-14T06:59:32,ENV,ABC,ABC,CR_034439,undef,undef,CLOSED,ENV,ENV_CONFIG,17.0.55,ESC,CLIENTADAPTER_B,sources/test/LiveUpdate/source,LiveUpdateTester.h
SC_065266,2012-09-14T06:59:32,ENV,ABC,ABC,CR_034439,undef,undef,CLOSED,ENV,ENV_CONFIG,16.5.136.34,ESC,CLIENTADAPTER_C,sources,customize.make
SC_065266,2012-09-14T06:59:32,ENV,ABC,ABC,CR_034439,undef,undef,CLOSED,ENV,ENV_CONFIG,17.0.55,ESC,CLIENTADAPTER_C,sources/test/GetUniqueId/source,GetUniqueIds.cpp
SC_065266,2012-09-14T06:59:32,ENV,ABC,ABC,CR_034439,undef,undef,CLOSED,ENV,ENV_CONFIG,17.0.55,ESC,CLIENTADAPTER_C,sources/test,undef
SC_065266,2012-09-14T06:59:32,ENV,ABC,ABC,CR_034439,undef,undef,CLOSED,ENV,ENV_CONFIG,17.0.55,ENV,ENV_CONFIG,sources/application,undef
SC_065266,2012-09-14T06:59:32,ENV,ABC,ABC,CR_034439,undef,undef,CLOSED,ENV,ENV_CONFIG,16.5.136.33,ESC,CLIENTADAPTER_C,sources/test/GetUniqueId/source,Makefile
SC_065266,2012-09-14T06:59:32,ENV,ABC,ABC,CR_034439,undef,undef,CLOSED,ENV,ENV_CONFIG,16.5.136.33,ESC,CLIENTADAPTER_B,sources/test/LiveUpdate/source,LiveUpdateTester.cpp
SC_065266,2012-09-14T06:59:32,ENV,ABC,ABC,CR_034439,undef,undef,CLOSED,ENV,ENV_CONFIG,16.5.136.33,ESC,CLIENTADAPTER_B,sources/test/LiveUpdate/source,LiveUpdateTester.h
SC_065266,2012-09-14T06:59:32,ENV,ABC,ABC,CR_034439,undef,undef,CLOSED,ENV,ENV_CONFIG,16.5.136.33,ENV,ENV_CONFIG,sources/application,undef
SC_065266,2012-09-14T06:59:32,ENV,ABC,ABC,CR_034439,undef,undef,CLOSED,ENV,ENV_CONFIG,17.0.55,ESC,CLIENTADAPTER_B,sources/test/LiveUpdate/source,LiveUpdateTester.cpp
SC_065266,2012-09-14T06:59:32,ENV,ABC,ABC,CR_034439,undef,undef,CLOSED,ENV,ENV_CONFIG,17.0.55,ESC,CLIENTADAPTER_C,sources,customize.make
SC_065266,2012-09-14T06:59:32,ENV,ABC,ABC,CR_034439,undef,undef,CLOSED,ENV,ENV_CONFIG,17.0.55,ESC,CLIENTADAPTER_C,sources/test/GetUniqueId/source,GetUniqueIds.h
SC_065266,2012-09-14T06:59:32,ENV,ABC,ABC,CR_034439,undef,undef,CLOSED,ENV,ENV_CONFIG,16.5.136.33,ESC,CLIENTADAPTER_C,sources,Makefile
SC_065266,2012-09-14T06:59:32,ENV,ABC,ABC,CR_034439,undef,undef,CLOSED,ENV,ENV_CONFIG,16.5.136.33,ESC,CLIENTADAPTER_C,sources/test/GetUniqueId/source,GetUniqueIds.cpp
SC_065266,2012-09-14T06:59:32,ENV,ABC,ABC,CR_034439,undef,undef,CLOSED,ENV,ENV_CONFIG,17.0.69,ESC,BUSINESS,sources/BManager/source,EnRouteManagerImpl.cpp
SC_065266,2012-09-14T06:59:32,ENV,ABC,ABC,CR_034439,undef,undef,CLOSED,ENV,ENV_CONFIG,17.0.55,ESC,CLIENTADAPTER_C,sources/test/GetUniqueId/source,Makefile
SC_065266,2012-09-14T06:59:32,ENV,ABC,ABC,CR_034439,undef,undef,CLOSED,ENV,ENV_CONFIG,16.5.136.33,ESC,CLIENTADAPTER_C,sources/test,undef
SC_065266,2012-09-14T06:59:32,ENV,ABC,ABC,CR_034439,undef,undef,CLOSED,ENV,ENV_CONFIG,16.5.136.33,ESC,CLIENTADAPTER_C,sources/test/GetUniqueId,source
SC_058539,2011-05-20T07:11:25,ESC,ABC,undef,undef,I2_082028,undef,CLOSED,ENV,ENV_CONFIG,15.5.119,ESC,BUSINESS,sources/BOther/source,RuleRSCrossBorderDctSegment.cpp
SC_058539,2011-05-20T07:11:25,ESC,ABC,undef,undef,I2_082028,undef,CLOSED,ENV,ENV_CONFIG,15.5.119,ESC,BUSINESS,sources/BMandatoryValidation/source,VFlowRestriction.cpp
SC_058539,2011-05-20T07:11:25,ESC,ABC,undef,undef,I2_082028,undef,CLOSED,ENV,ENV_CONFIG,15.5.119,ESC,BUSINESS,sources/BOther/source,RuleRSCrossBorderDctSegment.h
SC_058539,2011-05-20T07:11:25,ESC,ABC,undef,undef,I2_082028,undef,CLOSED,ENV,ENV_CONFIG,15.5.119,ESC,BUSINESS,sources/BManager/source,FlowRestrictionManagerImpl.cpp
SC_059651,2011-08-30T09:26:20,ESC,ABC,undef,undef,I2_082941,undef,CLOSED,ENV,ENV_CONFIG,16.0.27,ESC,KERNEL,sources/States/source,RoutePortionState.cpp
SC_059651,2011-08-30T09:26:20,ESC,ABC,undef,undef,I2_082941,undef,CLOSED,ENV,ENV_CONFIG,15.5.154.29,ESC,KERNEL,sources/States/source,RoutePortionState.cpp
SC_064284,2012-07-05T07:38:07,ENV,ABC,ABC,undef,I2_086820,undef,CLOSED,ENV,ENV_CONFIG,17.0.64,ESC,CLIENTADAPTER_B,sources/test/UsePlanClient/source,UsePlanClient.cpp
SC_064284,2012-07-05T07:38:07,ENV,ABC,ABC,undef,I2_086820,undef,CLOSED,ENV,ENV_CONFIG,17.0.3,ESC,CLIENTADAPTER_B,sources/test/UsePlanClient/source,UsePlanClient.cpp
SC_064284,2012-07-05T07:38:07,ENV,ABC,ABC,undef,I2_086820,undef,CLOSED,ENV,ENV_CONFIG,16.5.136.2,ESC,CLIENTADAPTER_B,sources/test/UsePlanClient/source,UsePlanClient.cpp
SC_059130,2011-07-07T09:18:24,ENV,FLP,ABC,undef,undef,undef,CLOSED,ENV,ENV_CONFIG,16.0.6,ENV,ENV_CONFIG,sources/RefCatalog,refcatPrepTriangles.Z
SC_059130,2011-07-07T09:18:24,ENV,FLP,ABC,undef,undef,undef,CLOSED,ENV,ENV_CONFIG,15.5.154.4,ENV,ENV_CONFIG,sources/RefCatalog,refcatPrep.Z
SC_059130,2011-07-07T09:18:24,ENV,FLP,ABC,undef,undef,undef,CLOSED,ENV,ENV_CONFIG,15.5.154.4,ENV,ENV_CONFIG,sources/RefCatalog,refcatPrepTriangles.Z
SC_059130,2011-07-07T09:18:24,ENV,FLP,ABC,undef,undef,undef,CLOSED,ENV,ENV_CONFIG,15.5.154.4,ENV,ENV_CONFIG,sources/RefCatalog,refcatPrep.Z
SC_059130,2011-07-07T09:18:24,ENV,FLP,ABC,undef,undef,undef,CLOSED,ENV,ENV_CONFIG,15.5.154.4,ENV,ENV_CONFIG,sources/RefCatalog,refcatPrepTriangles.Z
SC_059130,2011-07-07T09:18:24,ENV,FLP,ABC,undef,undef,undef,CLOSED,ENV,ENV_CONFIG,16.0.6,ENV,ENV_CONFIG,sources/RefCatalog,refcatPrepPreopsOps.Z
SC_059130,2011-07-07T09:18:24,ENV,FLP,ABC,undef,undef,undef,CLOSED,ENV,ENV_CONFIG,15.5.154.4,ENV,ENV_CONFIG,sources/airac_OPS,OPS.dmp.Z
SC_059130,2011-07-07T09:18:24,ENV,FLP,ABC,undef,undef,undef,CLOSED,ENV,ENV_CONFIG,15.5.154.4,ENV,ENV_CONFIG,sources/RefCatalog,refcatPrepOps.Z
SC_059130,2011-07-07T09:18:24,ENV,FLP,ABC,undef,undef,undef,CLOSED,ENV,ENV_CONFIG,15.5.154.4,ENV,ENV_CONFIG,sources/airac_278,278.dmp.Z
SC_059130,2011-07-07T09:18:24,ENV,FLP,ABC,undef,undef,undef,CLOSED,ENV,ENV_CONFIG,15.5.154.4,ENV,ENV_CONFIG,sources/airac_OPS,OPS.dmp.Z
SC_059130,2011-07-07T09:18:24,ENV,FLP,ABC,undef,undef,undef,CLOSED,ENV,ENV_CONFIG,15.5.154.4,ENV,ENV_CONFIG,sources/RefCatalog,refcatPrepPreopsOps.Z
SC_059130,2011-07-07T09:18:24,ENV,FLP,ABC,undef,undef,undef,CLOSED,ENV,ENV_CONFIG,15.5.154.4,ENV,ENV_CONFIG,sources/RefCatalog,refcatPrepPreopsOps.Z
SC_059130,2011-07-07T09:18:24,ENV,FLP,ABC,undef,undef,undef,CLOSED,ENV,ENV_CONFIG,16.0.6,ENV,ENV_CONFIG,sources/RefCatalog,refcatPrep.Z
SC_059130,2011-07-07T09:18:24,ENV,FLP,ABC,undef,undef,undef,CLOSED,ENV,ENV_CONFIG,16.0.6,ENV,ENV_CONFIG,sources/RefCatalog,refcatPrepOps.Z
SC_059130,2011-07-07T09:18:24,ENV,FLP,ABC,undef,undef,undef,CLOSED,ENV,ENV_CONFIG,15.5.154.4,ENV,ENV_CONFIG,sources/airac_278,278.dmp.Z
SC_059130,2011-07-07T09:18:24,ENV,FLP,ABC,undef,undef,undef,CLOSED,ENV,ENV_CONFIG,15.5.154.4,ENV,ENV_CONFIG,sources/RefCatalog,refcatPrepOps.Z
SC_059130,2011-07-07T09:18:24,ENV,FLP,ABC,undef,undef,undef,CLOSED,ENV,ENV_CONFIG,16.0.6,ENV,ENV_CONFIG,sources/airac_278,278.dmp.Z
SC_061965,2012-02-17T08:39:17,ESC,ABC,undef,undef,I2_084890,undef,CLOSED,ENV,ENV_CONFIG,16.0.108.1,ESC,EXPORT,sources/Ers/source,ErsSemantics.cpp
SC_061965,2012-02-17T08:39:17,ESC,ABC,undef,undef,I2_084890,undef,CLOSED,ENV,ENV_CONFIG,16.0.107.32,ESC,EXPORT,sources/Ers/source,ErsSemantics.cpp
SC_061965,2012-02-17T08:39:17,ESC,ABC,undef,undef,I2_084890,undef,CLOSED,ENV,ENV_CONFIG,16.5.32,ESC,EXPORT,sources/Ers/source,ErsSemantics.cpp
SC_061965,2012-02-17T08:39:17,ESC,ABC,undef,undef,I2_084890,undef,CLOSED,ENV,ENV_CONFIG,15.5.154.50,ESC,EXPORT,sources/Ers/source,ErsSemantics.cpp
SC_057789,2011-03-29T11:39:59,ESC,ABC,undef,CR_029967,undef,undef,CLOSED,ENV,ENV_CONFIG,15.5.80,ESC,BUSINESS,sources/BObject/source,FlowRestriction.cpp
SC_057789,2011-03-29T11:39:59,ESC,ABC,undef,CR_029967,undef,undef,CLOSED,ENV,ENV_CONFIG,15.5.69,ESC,BUSINESS,sources/BObject/source,FlowRestriction.cpp
SC_057789,2011-03-29T11:39:59,ESC,ABC,undef,CR_029967,undef,undef,CLOSED,ENV,ENV_CONFIG,15.5.78,ESC,EXPORT,sources/Dom/source,DomRestrictionSemantics.cpp
SC_057789,2011-03-29T11:39:59,ESC,ABC,undef,CR_029967,undef,undef,CLOSED,ENV,ENV_CONFIG,15.5.78,ESC,BUSINESS,sources/BMandatoryValidation/source,VFlowRestriction.cpp
SC_057789,2011-03-29T11:39:59,ESC,ABC,undef,CR_029967,undef,undef,CLOSED,ENV,ENV_CONFIG,15.5.78,ESC,BUSINESS,sources/BOther/source,RuleRSFraIntermediatePoints.h
SC_057789,2011-03-29T11:39:59,ESC,ABC,undef,CR_029967,undef,undef,CLOSED,ENV,ENV_CONFIG,15.5.69,ESC,BUSINESS,sources/BManager/source,FlowRestrictionManagerImpl.cpp
SC_057789,2011-03-29T11:39:59,ESC,ABC,undef,CR_029967,undef,undef,CLOSED,ENV,ENV_CONFIG,15.5.78,ESC,BUSINESS,sources/BMandatoryValidation/source,VMFlowRestriction.h
SC_057789,2011-03-29T11:39:59,ESC,ABC,undef,CR_029967,undef,undef,CLOSED,ENV,ENV_CONFIG,15.5.78,ESC,BUSINESS,sources/BMandatoryValidation/source,VFlowRestriction.h
SC_057789,2011-03-29T11:39:59,ESC,ABC,undef,CR_029967,undef,undef,CLOSED,ENV,ENV_CONFIG,15.5.69,ESC,BUSINESS,sources/BErad/source,EradDownloads.cpp
SC_057789,2011-03-29T11:39:59,ESC,ABC,undef,CR_029967,undef,undef,CLOSED,ENV,ENV_CONFIG,15.5.69,ESC,BUSINESS,sources/BOther/source,LUCache.cpp
SC_057789,2011-03-29T11:39:59,ESC,ABC,undef,CR_029967,undef,undef,CLOSED,ENV,ENV_CONFIG,15.5.80,ESC,BUSINESS,sources/BManager/source,FlowRestrictionManagerImpl.cpp
SC_057789,2011-03-29T11:39:59,ESC,ABC,undef,CR_029967,undef,undef,CLOSED,ENV,ENV_CONFIG,15.5.80,ESC,KERNEL,sources/Persistence/source/server/business,PV_Auag.hh
SC_057789,2011-03-29T11:39:59,ESC,ABC,undef,CR_029967,undef,undef,CLOSED,ENV,ENV_CONFIG,15.5.70,ESC,CLIENTADAPTER,sources/source,EscServiceMapper_fromIDL.cpp
SC_057789,2011-03-29T11:39:59,ESC,ABC,undef,CR_029967,undef,undef,CLOSED,ENV,ENV_CONFIG,15.5.69,ESC,BUSINESS,sources/BOther/source,NASIRtoDCTRSMap.cpp
SC_057789,2011-03-29T11:39:59,ESC,ABC,undef,CR_029967,undef,undef,CLOSED,ENV,ENV_CONFIG,15.5.69,ESC,BUSINESS,sources/BOther/source,RuleRSCrossBorderDctSegment.cpp
SC_057789,2011-03-29T11:39:59,ESC,ABC,undef,CR_029967,undef,undef,CLOSED,ENV,ENV_CONFIG,15.5.74,ESC,BUSINESS,sources/BOther/source,RuleRSForbiddenCrossBorderDcts.cpp
SC_057789,2011-03-29T11:39:59,ESC,ABC,undef,CR_029967,undef,undef,CLOSED,ENV,ENV_CONFIG,15.5.69,ESC,BUSINESS,sources/BValidationList/source,VLFlowRestriction.cpp
SC_057789,2011-03-29T11:39:59,ESC,ABC,undef,CR_029967,undef,undef,CLOSED,ENV,ENV_CONFIG,15.5.78,ESC,BUSINESS,sources/BOther/source,undef
SC_057789,2011-03-29T11:39:59,ESC,ABC,undef,CR_029967,undef,undef,CLOSED,ENV,ENV_CONFIG,15.5.75,ESC,BUSINESS,sources/BOther/source,DctLimitValidator.cpp
SC_057789,2011-03-29T11:39:59,ESC,ABC,undef,CR_029967,undef,undef,CLOSED,ENV,ENV_CONFIG,15.5.78,ESC,BUSINESS,sources/BMandatoryValidation/source,VMFlowRestriction.cpp
SC_057789,2011-03-29T11:39:59,ESC,ABC,undef,CR_029967,undef,undef,CLOSED,ENV,ENV_CONFIG,15.5.80,ESC,KERNEL,sources/Persistence/source/server/business,PV_Auag.cpp
SC_057789,2011-03-29T11:39:59,ESC,ABC,undef,CR_029967,undef,undef,CLOSED,ENV,ENV_CONFIG,15.5.69,ESC,BUSINESS,sources/BOther/source,RuleRSDctOverlapNasOrIr.cpp
SC_057789,2011-03-29T11:39:59,ESC,ABC,undef,CR_029967,undef,undef,CLOSED,ENV,ENV_CONFIG,15.5.80,ESC,BUSINESS,sources/BMandatoryValidation/source,VFlowRestriction.h
SC_057789,2011-03-29T11:39:59,ESC,ABC,undef,CR_029967,undef,undef,CLOSED,ENV,ENV_CONFIG,15.5.80,ESC,BUSINESS,sources/BMandatoryValidation/source,VFlowRestriction.cpp
SC_057789,2011-03-29T11:39:59,ESC,ABC,undef,CR_029967,undef,undef,CLOSED,ENV,ENV_CONFIG,15.5.80,ESC,BUSINESS,sources/source,BusinessAll6.cpp
SC_057789,2011-03-29T11:39:59,ESC,ABC,undef,CR_029967,undef,undef,CLOSED,ENV,ENV_CONFIG,15.5.78,ESC,BUSINESS,sources/BOther/source,RuleRSFraIntermediatePoints.cpp
SC_057789,2011-03-29T11:39:59,ESC,ABC,undef,CR_029967,undef,undef,CLOSED,ENV,ENV_CONFIG,15.5.72,ESC,BUSINESS,sources/BMandatoryValidation/source,VFlowRestriction.cpp
SC_057789,2011-03-29T11:39:59,ESC,ABC,undef,CR_029967,undef,undef,CLOSED,ENV,ENV_CONFIG,15.5.80,ESC,BUSINESS,sources/BOther/source,RuleRSFraCrossBorder.h
SC_057789,2011-03-29T11:39:59,ESC,ABC,undef,CR_029967,undef,undef,CLOSED,ENV,ENV_CONFIG,15.5.80,ESC,BUSINESS,sources/BOther/source,DctLimitValidator.cpp
SC_057789,2011-03-29T11:39:59,ESC,ABC,undef,CR_029967,undef,undef,CLOSED,ENV,ENV_CONFIG,15.5.75,ESC,BUSINESS,sources/BOther/source,DctLimitValidator.h
SC_057789,2011-03-29T11:39:59,ESC,ABC,undef,CR_029967,undef,undef,CLOSED,ENV,ENV_CONFIG,15.5.69,ESC,BUSINESS,sources/BOther/source,RuleRS.cpp
SC_057789,2011-03-29T11:39:59,ESC,ABC,undef,CR_029967,undef,undef,CLOSED,ENV,ENV_CONFIG,15.5.78,ESC,BUSINESS,sources/source,BusinessAll6.cpp
SC_057789,2011-03-29T11:39:59,ESC,ABC,undef,CR_029967,undef,undef,CLOSED,ENV,ENV_CONFIG,15.5.70,ESC,CLIENTADAPTER,sources/source,EnvFlowRestrictionServiceMapper.cpp
SC_057789,2011-03-29T11:39:59,ESC,ABC,undef,CR_029967,undef,undef,CLOSED,ENV,ENV_CONFIG,15.5.80,ESC,BUSINESS,sources/BMandatoryValidation/source,VMFlowRestriction.h
SC_057789,2011-03-29T11:39:59,ESC,ABC,undef,CR_029967,undef,undef,CLOSED,ENV,ENV_CONFIG,15.5.70,ESC,CLIENTADAPTER,sources/source,FlowRestrictionAdaptor.cpp
SC_057789,2011-03-29T11:39:59,ESC,ABC,undef,CR_029967,undef,undef,CLOSED,ENV,ENV_CONFIG,15.5.80,ESC,BUSINESS,sources/BOther/source,undef
SC_057789,2011-03-29T11:39:59,ESC,ABC,undef,CR_029967,undef,undef,CLOSED,ENV,ENV_CONFIG,15.5.75,ESC,BUSINESS,sources/BOther/source,RuleRSDctLimitOnHSPT.cpp
SC_057789,2011-03-29T11:39:59,ESC,ABC,undef,CR_029967,undef,undef,CLOSED,ENV,ENV_CONFIG,15.5.69,ESC,BUSINESS,sources/BMandatoryValidation/source,VFlowRestriction.cpp
SC_057789,2011-03-29T11:39:59,ESC,ABC,undef,CR_029967,undef,undef,CLOSED,ENV,ENV_CONFIG,15.5.80,ESC,BUSINESS,sources/BOther/source,RuleRSFraCrossBorder.cpp
SC_057789,2011-03-29T11:39:59,ESC,ABC,undef,CR_029967,undef,undef,CLOSED,ENV,ENV_CONFIG,15.5.69,ESC,BUSINESS,sources/BObject/source,VOStreams.cpp
SC_057789,2011-03-29T11:39:59,ESC,ABC,undef,CR_029967,undef,undef,CLOSED,ENV,ENV_CONFIG,15.5.80,ESC,BUSINESS,sources/BMandatoryValidation/source,VMFlowRestriction.cpp
SC_057789,2011-03-29T11:39:59,ESC,ABC,undef,CR_029967,undef,undef,CLOSED,ENV,ENV_CONFIG,15.5.75,ESC,EXPORT,sources/Exp/source,convert.hh
SC_057789,2011-03-29T11:39:59,ESC,ABC,undef,CR_029967,undef,undef,CLOSED,ENV,ENV_CONFIG,15.5.78,ESC,BUSINESS,sources/BManager/source,FlowRestrictionManagerImpl.h
SC_057789,2011-03-29T11:39:59,ESC,ABC,undef,CR_029967,undef,undef,CLOSED,ENV,ENV_CONFIG,15.5.69,ESC,BUSINESS,sources/BValidationList/source,VLBasePoint.cpp
SC_057789,2011-03-29T11:39:59,ESC,ABC,undef,CR_029967,undef,undef,CLOSED,ENV,ENV_CONFIG,15.5.78,ESC,BUSINESS,sources/BManager/source,FlowRestrictionManagerImpl.cpp
SC_057789,2011-03-29T11:39:59,ESC,ABC,undef,CR_029967,undef,undef,CLOSED,ENV,ENV_CONFIG,15.5.69,ESC,BUSINESS,sources/BOther/source,RuleRSForbiddenCrossBorderDcts.cpp
SC_057789,2011-03-29T11:39:59,ESC,ABC,undef,CR_029967,undef,undef,CLOSED,ENV,ENV_CONFIG,15.5.69,ESC,BUSINESS,sources/BOther/source,FlowRestrictionContextValidator.cpp
SC_057789,2011-03-29T11:39:59,ESC,ABC,undef,CR_029967,undef,undef,CLOSED,ENV,ENV_CONFIG,15.5.78,ESC,BUSINESS,sources/BOther/source,DctLimitValidator.cpp
SC_057789,2011-03-29T11:39:59,ESC,ABC,undef,CR_029967,undef,undef,CLOSED,ENV,ENV_CONFIG,15.5.69,ESC,BUSINESS,sources/BMandatoryValidation/source,VMFlowRestriction.cpp
SC_059977,2011-09-29T14:04:27,ESC,ABC,ABC,CR_027186,undef,undef,CLOSED,ENV,ENV_CONFIG,16.0.51,ESC,CLIENTADAPTER,sources/source,FuaCapture.cpp
SC_059977,2011-09-29T14:04:27,ESC,ABC,ABC,CR_027186,undef,undef,CLOSED,ENV,ENV_CONFIG,16.0.50,ESC,CLIENTADAPTER,sources/source,FuaCapture.h
SC_059977,2011-09-29T14:04:27,ESC,ABC,ABC,CR_027186,undef,undef,CLOSED,ENV,ENV_CONFIG,16.0.50,ESC,CLIENTADAPTER,sources/source,undef
SC_059977,2011-09-29T14:04:27,ESC,ABC,ABC,CR_027186,undef,undef,CLOSED,ENV,ENV_CONFIG,16.0.50,ESC,CLIENTADAPTER,sources/source,FuaService_i.cpp
SC_059977,2011-09-29T14:04:27,ESC,ABC,ABC,CR_027186,undef,undef,CLOSED,ENV,ENV_CONFIG,16.0.60,ESC,CLIENTADAPTER_B,sources/test/UsePlanClient/source,UsePlanClient.cpp
SC_059977,2011-09-29T14:04:27,ESC,ABC,ABC,CR_027186,undef,undef,CLOSED,ENV,ENV_CONFIG,16.0.51,ESC,CLIENTADAPTER,sources/source,FuaCapture.h
SC_059977,2011-09-29T14:04:27,ESC,ABC,ABC,CR_027186,undef,undef,CLOSED,ENV,ENV_CONFIG,16.0.60,ESC,CLIENTADAPTER_B,sources/test/UsePlanClient/source,UsePlanClient.h
SC_059977,2011-09-29T14:04:27,ESC,ABC,ABC,CR_027186,undef,undef,CLOSED,ENV,ENV_CONFIG,16.0.50,ESC,CLIENTADAPTER,sources/source,FuaCapture.cpp
SC_059977,2011-09-29T14:04:27,ESC,ABC,ABC,CR_027186,undef,undef,CLOSED,ENV,ENV_CONFIG,16.0.50,ESC,CLIENTADAPTER,sources/source,AllClientAdapter4.cpp
SC_063246,2012-05-22T12:06:48,ESC,ABC,undef,undef,I2_085936,undef,CLOSED,ENV,ENV_CONFIG,16.5.103,ESC,BUSINESS,sources/BManager/source,FlowRestrictionManagerImpl.h
SC_063246,2012-05-22T12:06:48,ESC,ABC,undef,undef,I2_085936,undef,CLOSED,ENV,ENV_CONFIG,16.5.103,ESC,BUSINESS,sources/BManager/source,FlowRestrictionManagerImpl.cpp
SC_064099,2012-06-27T15:03:42,ESC,ABC,undef,undef,I2_086729,undef,CLOSED,ENV,ENV_CONFIG,16.5.133,ESC,BUSINESS,sources/BMandatoryValidation/source,VFlowRestriction.cpp
SC_064099,2012-06-27T15:03:42,ESC,ABC,undef,undef,I2_086729,undef,CLOSED,ENV,ENV_CONFIG,16.5.100.6,ESC,BUSINESS,sources/BMandatoryValidation/source,VFlowRestriction.cpp
SC_058200,2011-04-28T12:03:19,ESC,ABC,undef,undef,I2_081936,undef,CLOSED,ENV,ENV_CONFIG,15.5.93,ESC,BUSINESS,sources/BOther/source,RuleRSCrossBorderDctSegment.cpp
SC_058200,2011-04-28T12:03:19,ESC,ABC,undef,undef,I2_081936,undef,CLOSED,ENV,ENV_CONFIG,15.5.96,ESC,BUSINESS,sources/BOther/source,RuleRSOverlappingDctLimitsOnAirspaceBorders.cpp
SC_058200,2011-04-28T12:03:19,ESC,ABC,undef,undef,I2_081936,undef,CLOSED,ENV,ENV_CONFIG,15.5.96,ESC,BUSINESS,sources/BOther/source,RuleRSOverlappingDctLimitsOnAirspaceBorders.h
SC_058200,2011-04-28T12:03:19,ESC,ABC,undef,undef,I2_081936,undef,CLOSED,ENV,ENV_CONFIG,15.5.93,ESC,BUSINESS,sources/BOther/source,RuleRSOverlappingDctLimitsOnAirspaceBorders.cpp
SC_059799,2011-09-09T12:55:25,ESC,ABC,undef,undef,I2_083027,undef,CLOSED,ENV,ENV_CONFIG,16.0.35,ESC,BUSINESS,sources/BManager/source,FlowRestrictionManagerImpl.cpp
SC_059799,2011-09-09T12:55:25,ESC,ABC,undef,undef,I2_083027,undef,CLOSED,ENV,ENV_CONFIG,15.5.154.32,ESC,BUSINESS,sources/BManager/source,FlowRestrictionManagerImpl.cpp
SC_064697,2012-08-02T12:59:29,ESC,ABC,ABC,undef,I2_087298,undef,CLOSED,ENV,ENV_CONFIG,17.0.23,ESC,BUSINESS,sources/BOther/source,RuleRSCrossBorderDctSegment.cpp
SC_064697,2012-08-02T12:59:29,ESC,ABC,ABC,undef,I2_087298,undef,CLOSED,ENV,ENV_CONFIG,16.5.136.12,ESC,BUSINESS,sources/BOther/source,RuleRSCrossBorderDctSegment.cpp
SC_064697,2012-08-02T12:59:29,ESC,ABC,ABC,undef,I2_087298,undef,CLOSED,ENV,ENV_CONFIG,16.5.136.11,ESC,BUSINESS,sources/BOther/source,RuleRSCrossBorderDctSegment.cpp
SC_059009,2011-06-30T08:55:34,ESC,ABC,undef,undef,I2_082399,undef,CLOSED,ENV,ENV_CONFIG,15.5.150,ESC,BUSINESS,sources/BMandatoryValidation/source,VFlowRestriction.cpp
SC_059009,2011-06-30T08:55:34,ESC,ABC,undef,undef,I2_082399,undef,CLOSED,ENV,ENV_CONFIG,15.5.150,ESC,BUSINESS,sources/BManager/source,FlowRestrictionManagerImpl.cpp
SC_059009,2011-06-30T08:55:34,ESC,ABC,undef,undef,I2_082399,undef,CLOSED,ENV,ENV_CONFIG,15.5.153,ESC,BUSINESS,sources/BOther/source,RuleRSDctOverlapNasOrIr.cpp
SC_059009,2011-06-30T08:55:34,ESC,ABC,undef,undef,I2_082399,undef,CLOSED,ENV,ENV_CONFIG,15.5.150,ESC,BUSINESS,sources/BMandatoryValidation/source,VFlowRestriction.h
SC_059009,2011-06-30T08:55:34,ESC,ABC,undef,undef,I2_082399,undef,CLOSED,ENV,ENV_CONFIG,15.5.150,ESC,BUSINESS,sources/BOther/source,RuleRSDctOverlapNasOrIr.cpp
SC_059009,2011-06-30T08:55:34,ESC,ABC,undef,undef,I2_082399,undef,CLOSED,ENV,ENV_CONFIG,15.5.150,ESC,BUSINESS,sources/BMandatoryValidation/source,VMFlowRestriction.cpp
SC_059009,2011-06-30T08:55:34,ESC,ABC,undef,undef,I2_082399,undef,CLOSED,ENV,ENV_CONFIG,15.5.154.2,ESC,BUSINESS,sources/BOther/source,RuleRSDctOverlapNasOrIr.cpp
SC_059009,2011-06-30T08:55:34,ESC,ABC,undef,undef,I2_082399,undef,CLOSED,ENV,ENV_CONFIG,15.5.150,ESC,BUSINESS,sources/BOther/source,RuleRSDctOverlapNasOrIr.h
SC_059009,2011-06-30T08:55:34,ESC,ABC,undef,undef,I2_082399,undef,CLOSED,ENV,ENV_CONFIG,15.5.154.2,ESC,BUSINESS,sources/BOther/source,RuleRSDctOverlapNasOrIr.cpp
SC_059009,2011-06-30T08:55:34,ESC,ABC,undef,undef,I2_082399,undef,CLOSED,ENV,ENV_CONFIG,15.5.150,ESC,BUSINESS,sources/BMandatoryValidation/source,VMFlowRestriction.h
SC_061399,2012-01-18T09:26:52,ESC,ABC,undef,undef,I2_084301,undef,CLOSED,ENV,ENV_CONFIG,16.5.57,ESC,CLIENTADAPTER,sources/source,MDRInterface_i.cpp
SC_061399,2012-01-18T09:26:52,ESC,ABC,undef,undef,I2_084301,undef,CLOSED,ENV,ENV_CONFIG,16.0.108.1,ESC,CLIENTADAPTER,sources/source,MDRInterface_i.cpp
SC_061399,2012-01-18T09:26:52,ESC,ABC,undef,undef,I2_084301,undef,CLOSED,ENV,ENV_CONFIG,16.5.57,ESC,CLIENTADAPTER,sources/source,PRVInterface_i.cpp
SC_061399,2012-01-18T09:26:52,ESC,ABC,undef,undef,I2_084301,undef,CLOSED,ENV,ENV_CONFIG,16.0.108.1,ESC,CLIENTADAPTER,sources/source,PRVInterface_i.cpp
SC_061399,2012-01-18T09:26:52,ESC,ABC,undef,undef,I2_084301,undef,CLOSED,ENV,ENV_CONFIG,16.0.107.16,ESC,CLIENTADAPTER,sources/source,MDRInterface_i.cpp
SC_061399,2012-01-18T09:26:52,ESC,ABC,undef,undef,I2_084301,undef,CLOSED,ENV,ENV_CONFIG,16.5.13,ESC,CLIENTADAPTER,sources/source,PRVInterface_i.cpp
SC_061399,2012-01-18T09:26:52,ESC,ABC,undef,undef,I2_084301,undef,CLOSED,ENV,ENV_CONFIG,16.0.107.16,ESC,CLIENTADAPTER,sources/source,PRVInterface_i.cpp
SC_061399,2012-01-18T09:26:52,ESC,ABC,undef,undef,I2_084301,undef,CLOSED,ENV,ENV_CONFIG,16.5.13,ESC,CLIENTADAPTER,sources/source,MDRInterface_i.cpp
SC_059842,2011-09-15T12:01:13,ESC,ABC,undef,undef,I2_082939,undef,CLOSED,ENV,ENV_CONFIG,16.0.40,ESC,BUSINESS,sources/BOther/source,RuleRSFraCrossBorder.cpp
SC_059842,2011-09-15T12:01:13,ESC,ABC,undef,undef,I2_082939,undef,CLOSED,ENV,ENV_CONFIG,15.5.154.34,ESC,BUSINESS,sources/BManager/source,FlowRestrictionManagerImpl.cpp
SC_059842,2011-09-15T12:01:13,ESC,ABC,undef,undef,I2_082939,undef,CLOSED,ENV,ENV_CONFIG,15.5.154.34,ESC,BUSINESS,sources/BOther/source,RuleRSFraCrossBorder.cpp
SC_059842,2011-09-15T12:01:13,ESC,ABC,undef,undef,I2_082939,undef,CLOSED,ENV,ENV_CONFIG,16.0.40,ESC,BUSINESS,sources/BOther/source,RuleRSCrossBorderDctSegment.cpp
SC_059842,2011-09-15T12:01:13,ESC,ABC,undef,undef,I2_082939,undef,CLOSED,ENV,ENV_CONFIG,16.0.40,ESC,BUSINESS,sources/BManager/source,FlowRestrictionManagerImpl.cpp
SC_059842,2011-09-15T12:01:13,ESC,ABC,undef,undef,I2_082939,undef,CLOSED,ENV,ENV_CONFIG,15.5.154.34,ESC,BUSINESS,sources/BOther/source,RuleRSCrossBorderDctSegment.cpp
SC_058037,2011-04-14T13:21:11,ESC,ABC,undef,undef,I2_081765,undef,CLOSED,ENV,ENV_CONFIG,15.5.83,ESC,BUSINESS,sources/BOther/source,HSPTTrafficFlowValidator.cpp
SC_058037,2011-04-14T13:21:11,ESC,ABC,undef,undef,I2_081765,undef,CLOSED,ENV,ENV_CONFIG,15.5.83,ESC,BUSINESS,sources/BOther/source,DctLimitValidator.cpp
SC_058037,2011-04-14T13:21:11,ESC,ABC,undef,undef,I2_081765,undef,CLOSED,ENV,ENV_CONFIG,15.5.83,ESC,BUSINESS,sources/BOther/source,RuleRSDctOverlapNasOrIr.cpp
SC_058037,2011-04-14T13:21:11,ESC,ABC,undef,undef,I2_081765,undef,CLOSED,ENV,ENV_CONFIG,15.5.83,ESC,BUSINESS,sources/BOther/source,RuleRSCrossBorderDctSegment.cpp
SC_062664,2012-03-30T13:25:35,ESC,ABC,undef,undef,I2_085521,undef,CLOSED,ENV,ENV_CONFIG,16.5.57.9,ESC,BUSINESS,sources/BMandatoryValidation/source,VMTrafficVolume.cpp
SC_062664,2012-03-30T13:25:35,ESC,ABC,undef,undef,I2_085521,undef,CLOSED,ENV,ENV_CONFIG,16.5.70,ESC,BUSINESS,sources/BMandatoryValidation/source,VMTrafficVolume.cpp
SC_062664,2012-03-30T13:25:35,ESC,ABC,undef,undef,I2_085521,undef,CLOSED,ENV,ENV_CONFIG,16.5.75,ESC,BUSINESS,sources/BMandatoryValidation/source,VMTrafficVolume.cpp
SC_062664,2012-03-30T13:25:35,ESC,ABC,undef,undef,I2_085521,undef,CLOSED,ENV,ENV_CONFIG,16.0.108.10,ESC,BUSINESS,sources/BMandatoryValidation/source,VMTrafficVolume.cpp
SC_062664,2012-03-30T13:25:35,ESC,ABC,undef,undef,I2_085521,undef,CLOSED,ENV,ENV_CONFIG,16.5.57.6,ESC,BUSINESS,sources/BMandatoryValidation/source,VMTrafficVolume.cpp
SC_062664,2012-03-30T13:25:35,ESC,ABC,undef,undef,I2_085521,undef,CLOSED,ENV,ENV_CONFIG,16.5.70,ESC,KERNEL,sources/Persistence/source/server/business,Handle.cpp
SC_062664,2012-03-30T13:25:35,ESC,ABC,undef,undef,I2_085521,undef,CLOSED,ENV,ENV_CONFIG,16.0.108.10,ESC,KERNEL,sources/Persistence/source/server/business,Handle.cpp
SC_062664,2012-03-30T13:25:35,ESC,ABC,undef,undef,I2_085521,undef,CLOSED,ENV,ENV_CONFIG,16.0.107.40,ESC,KERNEL,sources/Persistence/source/server/business,Handle.cpp
SC_062664,2012-03-30T13:25:35,ESC,ABC,undef,undef,I2_085521,undef,CLOSED,ENV,ENV_CONFIG,16.0.107.40,ESC,BUSINESS,sources/BMandatoryValidation/source,VMTrafficVolume.cpp
SC_062664,2012-03-30T13:25:35,ESC,ABC,undef,undef,I2_085521,undef,CLOSED,ENV,ENV_CONFIG,16.5.57.6,ESC,KERNEL,sources/Persistence/source/server/business,Handle.cpp
SC_061055,2011-12-20T09:56:10,ESC,ABC,undef,undef,I2_084059,undef,CLOSED,ENV,ENV_CONFIG,16.5.2,ESC,BUSINESS,sources/BOther/source,RuleRSCrossBorderDctSegment.cpp
SC_061055,2011-12-20T09:56:10,ESC,ABC,undef,undef,I2_084059,undef,CLOSED,ENV,ENV_CONFIG,16.5.1,ESC,BUSINESS,sources/BOther/source,RuleRSCrossBorderDctSegment.cpp
SC_061055,2011-12-20T09:56:10,ESC,ABC,undef,undef,I2_084059,undef,CLOSED,ENV,ENV_CONFIG,16.0.107.5,ESC,BUSINESS,sources/BOther/source,RuleRSCrossBorderDctSegment.cpp
SC_061055,2011-12-20T09:56:10,ESC,ABC,undef,undef,I2_084059,undef,CLOSED,ENV,ENV_CONFIG,16.0.108.1,ESC,BUSINESS,sources/BOther/source,RuleRSCrossBorderDctSegment.cpp
SC_059359,2011-07-29T08:45:19,ESC,ABC,undef,undef,I2_082698,undef,CLOSED,ENV,ENV_CONFIG,15.5.154.19,ESC,BUSINESS,sources/BOther/source,RuleRSRADPublishable.cpp
SC_059359,2011-07-29T08:45:19,ESC,ABC,undef,undef,I2_082698,undef,CLOSED,ENV,ENV_CONFIG,16.0.7,ESC,BUSINESS,sources/BOther/source,RuleRSRADPublishable.cpp
SC_064011,2012-06-22T11:44:15,ESC,ABC,undef,undef,I2_086667,undef,CLOSED,ENV,ENV_CONFIG,16.5.129,ESC,BUSINESS,sources/BOther/source,RuleRSCrossBorderDctSegment.cpp
SC_064011,2012-06-22T11:44:15,ESC,ABC,undef,undef,I2_086667,undef,CLOSED,ENV,ENV_CONFIG,16.5.127,ESC,BUSINESS,sources/BMandatoryValidation/source,VFlowRestriction.cpp
SC_058045,2011-04-15T07:13:29,ESC,ABC,undef,undef,I2_081819,undef,CLOSED,ENV,ENV_CONFIG,15.5.84,ESC,BUSINESS,sources/BOther/source,RuleRSOverlappingDctLimitsOnAirspaces.cpp
SC_059711,2011-09-05T09:56:35,ESC,ABC,undef,undef,I2_082984,undef,CLOSED,ENV,ENV_CONFIG,15.5.154.31,ESC,BUSINESS,sources/BOther/source,DctLimitValidator.cpp
SC_059711,2011-09-05T09:56:35,ESC,ABC,undef,undef,I2_082984,undef,CLOSED,ENV,ENV_CONFIG,16.0.35,ESC,BUSINESS,sources/BOther/source,DctLimitValidator.cpp
SC_059711,2011-09-05T09:56:35,ESC,ABC,undef,undef,I2_082984,undef,CLOSED,CFMU,CORP,133,CFMU,CORP,sources/Cfmu/Systems/Env/analysis_design/model,EnvironmentPrimitives_Business.cat
SC_059711,2011-09-05T09:56:35,ESC,ABC,undef,undef,I2_082984,undef,CLOSED,ENV,ENV_CONFIG,15.5.154.31,ESC,BUSINESS,sources/BOther/source,RuleRSOverlappingDctLimitsOnAirspaceBorders.cpp
SC_059711,2011-09-05T09:56:35,ESC,ABC,undef,undef,I2_082984,undef,CLOSED,ENV,ENV_CONFIG,16.0.35,ESC,BUSINESS,sources/BOther/source,RuleRSCrossBorderDctSegment.cpp
SC_059711,2011-09-05T09:56:35,ESC,ABC,undef,undef,I2_082984,undef,CLOSED,ENV,ENV_CONFIG,16.0.35,ESC,BUSINESS,sources/BObject/source,FlowRestriction.cpp
SC_059711,2011-09-05T09:56:35,ESC,ABC,undef,undef,I2_082984,undef,CLOSED,CFMU,CORP,133,CFMU,CORP,sources/Cfmu/Systems/Env/analysis_design/model,Airspace_Business.cat
SC_059711,2011-09-05T09:56:35,ESC,ABC,undef,undef,I2_082984,undef,CLOSED,ENV,ENV_CONFIG,15.5.154.31,ESC,BUSINESS,sources/BObject/source,FlowRestriction.cpp
SC_059711,2011-09-05T09:56:35,ESC,ABC,undef,undef,I2_082984,undef,CLOSED,ENV,ENV_CONFIG,16.0.35,ESC,BUSINESS,sources/BOther/source,RuleRSOverlappingDctLimitsOnAirspaceBorders.cpp
SC_059711,2011-09-05T09:56:35,ESC,ABC,undef,undef,I2_082984,undef,CLOSED,ENV,ENV_CONFIG,15.5.154.31,ESC,BUSINESS,sources/BOther/source,RuleRSCrossBorderDctSegment.cpp
